Model,Mi550,
Serial Number,3526471001,

User Name,User01,
Location,Location01,

Wire Mode,3P4W_3CT,
Frequency(Hz),50,
Nominal Voltage(V),380,

Date,Time,Phase Voltage(V),,,,,Line Voltage(V),,,,Current(A),,,,,Frequency(Hz),Power Factor,,,,Displacement Power Factor,,,,Active Power(kW),,,,Reactive Power(kVar),,,,Apparent Power(kVA),,,,Active Energy Import(Wh),,,,Active Energy Export(Wh),,,,Reactive Energy Import(Varh),,,,Reactive Energy Export(Varh),,,,Apparent Energy(VAh),,,,Voltage THD(%),,,Voltage Odd THD(%),,,Voltage Even THD(%),,,Current THD(%),,,Current Odd THD(%),,,Current Even THD(%),,,Phase Voltage Peak(V),,,Phase VoltageCrest Factor,,,CurrentCrest Factor,,,Current K Factor,,,Voltage  Unbalance(%),,Current Unbalance(%),,Voltage Phase Angle(°),,,Current Phase Angle(°),,,Angle Between Voltages(°),,,Angle Between Currents(°),,,Voltage Current Angle(°),,,Phase Voltage Max.(V),,,,,Phase Voltage Min.(V),,,,,Line Voltage Max.(V),,,,Line Voltage Min.(V),,,,Current Max.(A),,,,,Current Min.(A),,,,,Frequency Max.(Hz),Frequency min.(Hz),Power Factor Max.,,,,Power Factor Min.,,,,Displacement Power Factor Max.,,,,Displacement Power Factor Min.,,,,Active Power Max.(kW),,,,Active Power Min.(kW),,,,Reactive Power Max.(kVar),,,,Reactive Power Min.(kVar),,,,Apparent Power Max.(kVA),,,,Apparent Power Min.(kVA),,,,Current Demand(A),,,,Active Power Demand(kW),,,,Reactive Power Demand(kVar),,,,Apparent Power Demand(kVA),,,,Current Demand Max.(A),,,,Active Power Demand Max.(kW),,,,Reactive Power Demand Max.(kVar),,,,Apparent Power Demand Max.(kVA),,,
,,UA,UB,UC,UAvg,UN,UAB,UBC,UCA,UAvg,IA,IB,IC,IAvg,IN,FA,PFA,PFB,PFC,PFTotal,DPFA,DPFB,DPFC,DPFTotal,PA,PB,PC,PSum,QA,QB,QC,QSum,SA,SB,SC,SSum,EPA_imp,EPB_imp,EPC_imp,EPSum_imp,EPA_exp,EPB_exp,EPC_exp,EPSum_exp,EQA_imp,EQB_imp,EQC_imp,EQSum_imp,EQA_exp,EQB_exp,EQC_exp,EQSum_exp,ESA,ESB,ESC,ESSUM,UA-THD,UB-THD,UC-THD,UA-TOHD,UB-TOHD,UC-TOHD,UA-TEHD,UB-TEHD,UC-TEHD,IA-THD,IB-THD,IC-THD,IA-TOHD,IB-TOHD,IC-TOHD,IA-TEHD,IB-TEHD,IC-TEHD,UA-pk,UB-pk,UC-pk,UA-CF,UB-CF,UC-CF,IA-CF,IB-CF,IC-CF,IA-KF,IB-KF,IC-KF,Negative,Zero,Negative,Zero,UA-angle,UB-angle,UC-angle,IA-angle,IB-angle,IC-angle,UAB-angle,UBC-angle,UCA-angle,IAB-angle,IBC-angle,ICA-angle,UIA-angle,UIB-angle,UIC-angle,UA-max,UB-max,UC-max,UAvg-max,UN-max,UA-min,UB-min,UC-min,UAvg-min,UN-min,UAB-max,UBC-max,UCA-max,UAvg-max,UAB-min,UBC-min,UCA-min,UAvg-min,IA-max,IB-max,IC-max,IAvg-max,IN-max,IA-min,IB-min,IC-min,IAvg-min,IN-min,FA-max,FA-min,PFA-max,PFB-max,PFC-max,PFTotal-max,PFA-min,PFB-min,PFC-min,PFTotal-min,DPFA-max,DPFB-max,DPFC-max,DPFTotal-max,DPFA-min,DPFB-min,DPFC-min,DPFTotal-min,PA-max,PB-max,PC-max,PSum-max,PA-min,PB-min,PC-min,PSum-min,QA-max,QB-max,QC-max,QSum-max,QA-min,QB-min,QC-min,QSum-min,SA-max,SB-max,SC-max,SSum-max,SA-min,SB-min,SC-min,SSum-min,IA,IB,IC,IAVG,PA,PB,PC,PSUM,QA,QB,QC,QSUM,SA,SB,SC,SSUM,IA-max,IB-max,IC-max,IAVG-max,PA-max,PB-max,PC-max,PSUM-max,QA-max,QB-max,QC-max,QSUM-max,SA-max,SB-max,SC-max,SSUM-max
2026/08/24,12:59:13,233.45,235.09,232.09,233.58,0.00,406.25,402.64,403.21,404.03,28.16,32.75,25.60,28.90,9.96,50.04,0.965,0.956,0.963,0.960,0.980,0.962,0.976,0.972,6.36,7.36,5.76,19.48,1.29,2.07,1.26,4.63,6.59,7.71,5.98,20.29,22900,19387,22992,65279,7522,6618,7564,21704,3260,4114,3780,11154,2235,2519,2148,6902,31884,28048,33140,93072,1.968,1.857,1.686,1.964,1.850,1.681,0.113,0.167,0.128,17.111,12.803,15.397,14.090,9.900,13.838,9.710,8.119,6.750,323.294,325.557,323.385,1.385,1.384,1.390,1.596,1.690,1.731,1.623,1.158,1.204,0.399,0.324,4.061,11.712,0.000,239.766,120.023,340.330,223.717,110.250,239.766,240.258,120.023,117.826,113.467,231.293,19.670,16.049,9.773,245.098,268.146,234.323,234.383,0.000,0.022,0.021,0.022,0.071,0.000,442.015,409.160,405.478,405.397,0.042,0.039,0.030,0.134,76.998,50.783,58.385,43.147,62.687,0.449,0.635,2.574,19.608,8.944,50.055,50.000,0.987,0.965,0.973,0.975,-0.400,-0.889,-0.686,-1.000,0.984,0.967,1.000,0.976,-1.000,-1.000,-0.759,-0.600,9.944,7.876,6.369,21.543,-0.001,-0.120,-0.076,-0.002,1.850,2.251,1.330,4.849,0.000,-0.097,-0.067,-0.001,10.155,8.196,6.636,22.364,0.000,0.000,0.000,0.000,14.502,28.100,36.619,26.407,2.828,5.418,6.991,15.238,0.335,1.380,1.318,3.034,2.964,5.677,7.186,15.827,0.000,0.000,0.000,0.000,0.000,0.000,0.000,0.000,0.000,0.000,0.000,0.000,0.000,0.000,0.000,0.000,
2026/08/24,12:59:18,233.34,234.91,232.41,233.55,0.00,405.67,402.83,403.72,404.07,28.14,32.62,25.78,28.85,9.06,50.05,0.962,0.956,0.962,0.962,0.980,0.963,0.976,0.972,6.34,7.34,5.78,19.46,1.27,2.06,1.28,4.61,6.56,7.67,6.00,20.22,22909,19397,23000,65306,7522,6618,7564,21704,3261,4117,3782,11160,2235,2519,2148,6902,31894,28059,33148,93101,1.848,1.793,1.592,1.845,1.792,1.588,0.109,0.069,0.108,14.723,10.746,14.823,12.618,9.665,13.175,7.587,4.697,6.793,323.230,325.014,322.969,1.385,1.384,1.389,1.582,1.609,1.653,1.630,1.144,1.201,0.294,0.386,5.837,8.743,0.000,239.924,120.182,346.148,226.846,110.039,239.924,240.258,120.182,119.303,116.807,236.109,13.852,13.078,10.143,233.877,235.577,232.891,233.664,0.000,233.064,234.400,232.088,233.432,0.000,406.737,403.620,404.705,404.158,405.375,402.210,403.011,403.934,28.565,33.045,26.097,29.002,10.289,27.804,32.283,25.448,28.839,8.943,50.047,50.038,0.969,0.957,0.966,0.962,0.962,0.951,0.958,0.959,0.980,0.963,0.976,0.973,0.980,0.962,0.976,0.972,6.357,7.355,5.783,19.476,6.341,7.331,5.764,19.460,1.294,2.078,1.290,4.658,1.273,2.031,1.265,4.592,6.618,7.725,6.029,20.298,6.554,7.660,5.976,20.224,14.502,28.100,36.619,26.407,2.828,5.418,6.991,15.238,0.335,1.380,1.318,3.034,2.964,5.677,7.186,15.827,0.000,0.000,0.000,0.000,0.000,0.000,0.000,0.000,0.000,0.000,0.000,0.000,0.000,0.000,0.000,0.000,
2026/08/24,12:59:23,233.36,234.80,232.45,233.58,0.00,405.85,402.77,403.63,404.08,28.08,32.85,26.07,28.94,9.19,50.04,0.969,0.952,0.962,0.959,0.980,0.963,0.976,0.972,6.34,7.36,5.79,19.48,1.28,2.05,1.28,4.61,6.54,7.77,6.01,20.31,22917,19406,23007,65330,7522,6618,7564,21704,3263,4119,3783,11165,2235,2519,2148,6902,31901,28068,33155,93124,1.912,1.848,1.665,1.906,1.835,1.659,0.147,0.225,0.144,12.122,15.177,17.800,11.800,11.495,14.432,2.776,9.909,10.419,323.475,325.336,323.020,1.386,1.386,1.390,1.510,1.724,1.752,1.593,1.177,1.222,0.341,0.344,3.495,11.016,0.000,239.801,120.111,341.209,227.408,108.422,239.801,240.311,120.111,113.801,118.986,232.787,18.791,12.393,11.689,233.955,235.381,233.038,233.717,0.000,233.128,234.683,232.201,233.553,0.000,406.980,403.773,404.797,404.343,405.324,402.149,403.067,404.073,28.412,33.277,26.355,28.945,10.617,27.783,32.401,25.633,28.848,9.058,50.050,50.042,0.970,0.957,0.962,0.962,0.962,0.952,0.953,0.957,0.980,0.963,0.977,0.972,0.980,0.963,0.976,0.972,6.359,7.359,5.789,19.498,6.339,7.338,5.780,19.463,1.291,2.060,1.288,4.634,1.273,2.048,1.269,4.606,6.579,7.765,6.083,20.366,6.540,7.666,6.001,20.224,14.502,28.100,36.619,26.407,2.828,5.418,6.991,15.238,0.335,1.380,1.318,3.034,2.964,5.677,7.186,15.827,0.000,0.000,0.000,0.000,0.000,0.000,0.000,0.000,0.000,0.000,0.000,0.000,0.000,0.000,0.000,0.000,
2026/08/24,12:59:28,233.26,234.10,232.68,233.48,0.00,405.33,403.13,403.31,403.92,28.14,32.63,25.79,28.82,9.33,50.04,0.964,0.955,0.964,0.960,0.980,0.963,0.976,0.972,6.33,7.32,5.78,19.43,1.29,2.04,1.29,4.62,6.58,7.67,6.00,20.25,22927,19416,23015,65358,7522,6618,7564,21704,3265,4122,3785,11172,2235,2519,2148,6902,31910,28079,33164,93153,1.939,1.866,1.661,1.937,1.862,1.656,0.092,0.129,0.128,16.645,9.950,14.268,13.629,8.979,13.563,9.556,4.285,4.428,323.392,324.284,323.796,1.386,1.383,1.390,1.575,1.625,1.644,1.633,1.141,1.206,0.297,0.113,9.735,6.002,0.000,239.713,119.900,351.773,225.141,109.828,239.713,240.188,119.900,124.646,115.313,239.959,8.227,14.572,10.072,233.998,235.516,233.176,233.955,0.000,233.256,233.969,232.335,233.480,0.000,406.880,403.977,404.898,404.782,405.325,402.615,403.247,404.084,28.373,32.891,26.162,28.945,9.996,27.712,32.235,25.518,28.710,8.938,50.044,50.038,0.970,0.957,0.966,0.963,0.964,0.950,0.958,0.959,0.980,0.963,0.976,0.972,0.980,0.962,0.975,0.971,6.344,7.358,5.794,19.488,6.331,7.303,5.780,19.435,1.296,2.092,1.306,4.694,1.280,2.039,1.284,4.612,6.583,7.765,6.049,20.312,6.535,7.648,6.002,20.186,14.502,28.100,36.619,26.407,2.828,5.418,6.991,15.238,0.335,1.380,1.318,3.034,2.964,5.677,7.186,15.827,0.000,0.000,0.000,0.000,0.000,0.000,0.000,0.000,0.000,0.000,0.000,0.000,0.000,0.000,0.000,0.000,
2026/08/24,12:59:33,233.56,234.97,232.45,233.86,0.00,406.09,403.23,403.59,404.30,28.00,32.86,25.66,28.84,9.47,50.03,0.965,0.956,0.963,0.961,0.980,0.962,0.976,0.972,6.35,7.40,5.75,19.50,1.29,2.10,1.29,4.68,6.60,7.73,5.96,20.30,22938,19425,23022,65385,7522,6618,7564,21704,3266,4124,3787,11177,2235,2519,2148,6902,31918,28088,33171,93177,2.075,2.029,1.772,2.066,2.028,1.769,0.187,0.051,0.100,12.932,9.564,14.312,11.929,9.130,13.347,4.994,2.848,5.167,323.866,325.727,322.749,1.388,1.386,1.389,1.542,1.614,1.620,1.586,1.134,1.198,0.391,0.314,7.098,10.284,0.000,239.836,120.006,344.320,222.293,111.199,239.836,240.170,120.006,122.502,111.094,233.596,15.680,17.543,8.807,234.262,235.858,233.304,233.862,0.000,233.093,233.989,232.184,233.480,0.000,407.620,404.458,405.069,404.557,405.275,402.377,403.153,403.924,28.646,33.373,25.898,28.967,10.497,27.823,32.539,25.365,28.816,9.166,50.038,50.035,0.966,0.956,0.965,0.961,0.964,0.951,0.963,0.959,0.980,0.963,0.976,0.972,0.980,0.963,0.975,0.972,6.353,7.398,5.780,19.501,6.333,7.322,5.751,19.435,1.297,2.096,1.301,4.683,1.292,2.039,1.288,4.619,6.601,7.780,6.002,20.301,6.547,7.669,5.965,20.254,14.502,28.100,36.619,26.407,2.828,5.418,6.991,15.238,0.335,1.380,1.318,3.034,2.964,5.677,7.186,15.827,0.000,0.000,0.000,0.000,0.000,0.000,0.000,0.000,0.000,0.000,0.000,0.000,0.000,0.000,0.000,0.000,
2026/08/24,12:59:38,233.48,235.03,232.32,233.57,0.00,406.30,402.91,403.23,404.14,28.19,33.29,25.46,28.98,10.21,50.03,0.969,0.953,0.963,0.962,0.979,0.963,0.975,0.972,6.38,7.48,5.74,19.60,1.31,2.09,1.29,4.70,6.60,7.83,5.95,20.38,22949,19437,23031,65417,7522,6618,7564,21704,3268,4128,3789,11185,2235,2519,2148,6902,31929,28101,33181,93211,1.809,1.694,1.498,1.807,1.691,1.488,0.080,0.102,0.172,15.462,10.696,13.347,13.154,9.354,12.983,8.126,5.188,3.098,323.522,325.861,323.223,1.385,1.387,1.389,1.597,1.661,1.663,1.612,1.138,1.200,0.419,0.246,4.322,11.560,0.000,239.730,119.918,339.521,224.930,106.770,239.730,240.240,119.918,114.592,117.580,233.473,20.479,14.801,13.148,234.217,235.709,233.034,233.862,0.000,233.067,234.692,231.960,233.434,0.000,407.606,404.079,404.627,404.347,405.321,402.502,402.645,403.866,28.520,33.658,25.879,29.029,10.313,27.873,32.792,25.369,28.843,9.255,50.037,50.026,0.970,0.957,0.965,0.962,0.965,0.953,0.962,0.961,0.980,0.964,0.976,0.972,0.980,0.962,0.975,0.972,6.385,7.479,5.755,19.599,6.353,7.398,5.736,19.501,1.311,2.096,1.300,4.695,1.280,2.062,1.279,4.621,6.601,7.849,5.983,20.394,6.559,7.729,5.950,20.295,14.502,28.100,36.619,26.407,2.828,5.418,6.991,15.238,0.335,1.380,1.318,3.034,2.964,5.677,7.186,15.827,0.000,0.000,0.000,0.000,0.000,0.000,0.000,0.000,0.000,0.000,0.000,0.000,0.000,0.000,0.000,0.000,
2026/08/24,12:59:43,233.68,235.09,232.38,233.76,0.00,406.38,403.03,403.82,404.41,28.24,33.24,25.49,29.08,9.61,50.03,0.963,0.956,0.961,0.960,0.980,0.964,0.975,0.972,6.41,7.48,5.75,19.64,1.30,2.07,1.32,4.69,6.62,7.85,6.00,20.47,22958,19448,23040,65446,7522,6618,7564,21704,3270,4131,3791,11192,2235,2519,2148,6902,31939,28112,33189,93240,1.773,1.670,1.494,1.772,1.666,1.493,0.054,0.115,0.067,13.809,13.359,17.195,12.483,10.173,14.477,5.904,8.659,9.280,323.937,325.467,323.662,1.387,1.385,1.390,1.526,1.696,1.735,1.602,1.147,1.222,0.338,0.307,7.720,8.026,0.000,239.801,120.094,345.709,225.299,106.453,239.801,240.293,120.094,120.410,118.846,239.256,14.291,14.502,13.641,234.102,235.528,233.024,233.910,0.000,233.131,234.737,232.102,233.520,0.000,407.233,403.912,404.851,404.719,405.513,402.306,403.045,404.041,28.745,33.603,26.053,29.224,10.324,28.046,33.011,25.464,28.980,9.361,50.031,50.022,0.970,0.958,0.964,0.962,0.962,0.953,0.957,0.960,0.980,0.964,0.976,0.973,0.979,0.962,0.975,0.971,6.409,7.492,5.751,19.643,6.385,7.479,5.735,19.599,1.330,2.100,1.319,4.742,1.282,2.064,1.271,4.617,6.659,7.848,6.008,20.466,6.593,7.803,5.950,20.376,14.502,28.100,36.619,26.407,2.828,5.418,6.991,15.238,0.335,1.380,1.318,3.034,2.964,5.677,7.186,15.827,0.000,0.000,0.000,0.000,0.000,0.000,0.000,0.000,0.000,0.000,0.000,0.000,0.000,0.000,0.000,0.000,
2026/08/24,12:59:48,233.44,234.84,232.51,233.43,0.00,405.99,402.93,403.68,404.20,28.47,33.01,25.96,29.17,11.43,50.03,0.970,0.958,0.958,0.960,0.980,0.964,0.976,0.973,6.39,7.43,5.79,19.61,1.28,2.05,1.28,4.62,6.61,7.76,6.07,20.44,22967,19459,23048,65474,7522,6618,7564,21704,3272,4134,3793,11199,2235,2519,2148,6902,31948,28123,33198,93269,1.794,1.705,1.495,1.794,1.702,1.492,0.034,0.106,0.093,14.937,9.258,20.555,12.732,9.015,15.904,7.811,2.109,13.022,323.026,325.117,322.679,1.385,1.384,1.390,1.567,1.575,1.789,1.612,1.137,1.248,0.373,0.336,7.335,11.470,0.000,239.783,120.076,346.430,224.227,115.822,239.783,240.293,120.076,122.203,108.404,230.607,13.570,15.557,4.254,233.987,235.338,232.968,233.758,0.000,233.147,234.712,232.056,233.431,0.000,407.002,403.937,404.647,404.407,405.486,402.321,402.964,403.819,28.644,33.625,26.320,29.168,11.443,27.954,32.820,25.485,29.025,9.442,50.032,50.023,0.970,0.958,0.965,0.963,0.963,0.954,0.958,0.960,0.980,0.964,0.976,0.973,0.980,0.963,0.975,0.972,6.409,7.483,5.793,19.643,6.387,7.434,5.751,19.614,1.301,2.080,1.319,4.689,1.284,2.050,1.284,4.618,6.636,7.848,6.071,20.466,6.593,7.758,5.982,20.391,14.502,28.100,36.619,26.407,2.828,5.418,6.991,15.238,0.335,1.380,1.318,3.034,2.964,5.677,7.186,15.827,0.000,0.000,0.000,0.000,0.000,0.000,0.000,0.000,0.000,0.000,0.000,0.000,0.000,0.000,0.000,0.000,
2026/08/24,12:59:53,233.60,235.16,232.58,233.45,0.00,406.18,403.52,403.69,404.46,28.02,32.57,25.67,28.80,9.67,50.03,0.963,0.952,0.955,0.959,0.980,0.962,0.976,0.972,6.38,7.32,5.79,19.49,1.29,2.08,1.28,4.65,6.60,7.66,6.06,20.32,22976,19467,23054,65497,7522,6618,7564,21704,3274,4136,3794,11204,2235,2519,2148,6902,31956,28132,33205,93293,1.800,1.702,1.501,1.798,1.700,1.501,0.083,0.083,0.052,11.904,11.910,14.774,11.644,10.149,13.343,2.474,6.233,6.345,323.442,325.800,322.539,1.384,1.385,1.388,1.508,1.649,1.720,1.600,1.158,1.204,0.357,0.298,7.565,6.314,0.000,239.889,119.988,346.236,226.336,104.256,239.889,240.100,119.988,119.900,122.080,241.980,13.764,13.553,15.732,233.970,235.391,232.920,233.835,0.000,233.000,234.705,232.029,233.353,0.000,406.777,403.728,404.553,404.599,405.463,402.239,402.525,403.659,28.621,33.344,26.352,29.263,11.435,27.897,32.323,25.668,28.796,9.367,50.035,50.027,0.970,0.958,0.962,0.961,0.963,0.952,0.955,0.956,0.981,0.964,0.977,0.973,0.980,0.963,0.976,0.972,6.396,7.434,5.800,19.614,6.374,7.321,5.792,19.493,1.290,2.078,1.294,4.652,1.269,2.050,1.274,4.614,6.615,7.787,6.071,20.439,6.577,7.661,6.020,20.322,14.502,28.100,36.619,26.407,2.828,5.418,6.991,15.238,0.335,1.380,1.318,3.034,2.964,5.677,7.186,15.827,0.000,0.000,0.000,0.000,0.000,0.000,0.000,0.000,0.000,0.000,0.000,0.000,0.000,0.000,0.000,0.000,
2026/08/24,12:59:58,233.35,234.90,232.20,233.38,0.00,405.89,402.48,403.51,403.96,28.63,32.91,25.80,28.94,10.35,50.02,0.964,0.952,0.966,0.961,0.981,0.963,0.976,0.973,6.38,7.40,5.78,19.56,1.27,2.06,1.28,4.61,6.62,7.73,6.00,20.35,22987,19479,23064,65530,7522,6618,7564,21704,3276,4140,3796,11212,2235,2519,2148,6902,31967,28145,33215,93327,1.855,1.741,1.551,1.851,1.736,1.545,0.125,0.132,0.136,17.610,10.917,14.326,13.622,9.391,13.478,11.160,5.567,4.858,323.155,325.070,322.418,1.386,1.383,1.390,1.591,1.621,1.647,1.633,1.144,1.204,0.363,0.390,8.748,6.212,0.000,239.818,120.164,346.904,223.154,105.469,239.818,240.346,120.164,123.750,117.686,241.436,13.096,16.664,14.695,233.794,235.473,232.807,233.511,0.000,232.822,234.643,231.911,233.377,0.000,406.593,403.568,404.452,404.464,405.066,402.036,402.261,403.745,28.653,33.317,26.087,28.944,11.553,27.940,32.276,25.603,28.796,9.322,50.027,50.016,0.969,0.956,0.966,0.963,0.963,0.952,0.955,0.959,0.980,0.962,0.976,0.973,0.980,0.961,0.976,0.972,6.387,7.398,5.801,19.561,6.377,7.297,5.784,19.486,1.302,2.083,1.298,4.678,1.269,2.057,1.278,4.613,6.632,7.732,6.060,20.354,6.583,7.636,6.002,20.244,14.502,28.100,36.619,26.407,2.828,5.418,6.991,15.238,0.335,1.380,1.318,3.034,2.964,5.677,7.186,15.827,0.000,0.000,0.000,0.000,0.000,0.000,0.000,0.000,0.000,0.000,0.000,0.000,0.000,0.000,0.000,0.000,
2026/08/24,13:00:03,233.28,234.76,232.02,233.63,0.00,405.53,402.83,402.90,403.75,28.24,33.75,25.67,29.21,11.04,50.01,0.970,0.954,0.964,0.961,0.980,0.964,0.975,0.973,6.43,7.52,5.77,19.72,1.30,2.08,1.30,4.67,6.63,7.91,5.98,20.51,22996,19490,23073,65559,7522,6618,7564,21704,3278,4143,3798,11219,2235,2519,2148,6902,31976,28156,33223,93355,1.987,1.875,1.719,1.986,1.867,1.717,0.045,0.178,0.079,12.256,16.199,13.377,11.894,11.422,13.206,2.957,11.487,2.134,323.324,325.541,322.709,1.386,1.383,1.390,1.508,1.700,1.642,1.589,1.174,1.198,0.377,0.309,8.978,9.330,0.000,239.906,119.971,343.934,219.006,108.193,239.906,240.064,119.971,125.209,110.813,236.021,16.066,20.900,11.777,234.077,235.417,232.748,233.831,0.000,232.915,234.601,231.900,233.274,0.000,406.991,403.754,404.437,404.579,405.079,402.215,402.457,403.577,28.686,33.908,25.939,29.218,11.087,28.069,32.761,25.398,28.944,9.363,50.018,50.008,0.970,0.958,0.966,0.964,0.964,0.952,0.963,0.961,0.981,0.964,0.976,0.973,0.980,0.963,0.976,0.972,6.433,7.519,5.789,19.719,6.379,7.398,5.767,19.561,1.309,2.090,1.297,4.693,1.269,2.056,1.271,4.606,6.646,7.908,6.002,20.512,6.607,7.732,5.974,20.354,14.502,28.100,36.619,26.407,2.828,5.418,6.991,15.238,0.335,1.380,1.318,3.034,2.964,5.677,7.186,15.827,0.000,0.000,0.000,0.000,0.000,0.000,0.000,0.000,0.000,0.000,0.000,0.000,0.000,0.000,0.000,0.000,
2026/08/24,13:00:08,233.15,234.67,232.09,233.34,0.00,405.69,402.77,402.49,403.65,28.45,33.35,26.11,29.11,9.72,50.01,0.968,0.957,0.964,0.963,0.979,0.964,0.976,0.972,6.39,7.50,5.77,19.67,1.32,2.06,1.29,4.67,6.60,7.84,5.99,20.42,23004,19499,23079,65582,7522,6618,7564,21704,3279,4145,3800,11224,2235,2519,2148,6902,31984,28165,33230,93379,1.974,1.910,1.750,1.970,1.906,1.749,0.116,0.118,0.079,13.926,9.298,17.235,12.339,9.117,14.541,6.458,1.828,9.251,323.646,325.253,322.803,1.387,1.385,1.392,1.517,1.593,1.733,1.609,1.138,1.220,0.487,0.216,8.485,7.011,0.000,239.730,119.795,347.854,226.547,106.506,239.730,240.064,119.795,123.486,120.041,243.527,12.146,13.184,13.289,233.965,235.297,232.678,233.696,0.000,232.997,234.635,231.869,233.340,0.000,407.128,403.653,404.021,404.359,405.421,402.524,401.991,403.666,28.891,33.814,26.111,29.391,11.124,27.954,33.104,25.528,29.113,9.399,50.012,50.006,0.970,0.959,0.964,0.963,0.961,0.954,0.959,0.960,0.980,0.964,0.976,0.973,0.980,0.964,0.975,0.972,6.433,7.521,5.777,19.719,6.389,7.500,5.767,19.667,1.315,2.077,1.297,4.675,1.280,2.051,1.272,4.620,6.671,7.908,6.022,20.537,6.596,7.836,5.978,20.419,14.502,28.100,36.619,26.407,2.828,5.418,6.991,15.238,0.335,1.380,1.318,3.034,2.964,5.677,7.186,15.827,0.000,0.000,0.000,0.000,0.000,0.000,0.000,0.000,0.000,0.000,0.000,0.000,0.000,0.000,0.000,0.000,
2026/08/24,13:00:13,233.98,235.28,232.71,233.53,0.00,407.06,403.68,404.00,404.91,28.35,32.95,25.84,29.00,10.43,50.00,0.968,0.957,0.957,0.960,0.980,0.963,0.976,0.972,6.38,7.42,5.77,19.57,1.30,2.05,1.29,4.65,6.60,7.73,6.05,20.38,23013,19509,23087,65609,7522,6618,7564,21704,3281,4148,3801,11230,2235,2519,2148,6902,31993,28176,33239,93408,1.758,1.677,1.471,1.755,1.675,1.468,0.090,0.072,0.093,13.973,10.466,17.956,12.396,9.212,14.636,6.448,4.966,10.401,324.167,325.577,323.709,1.386,1.384,1.391,1.520,1.590,1.686,1.622,1.135,1.226,0.447,0.246,6.867,8.262,0.000,239.678,119.918,341.543,220.834,104.150,239.678,240.240,119.918,120.621,116.684,237.305,18.457,18.844,15.768,234.213,235.800,232.976,233.525,0.000,233.015,234.538,231.822,233.275,0.000,407.560,404.576,404.248,404.080,405.451,402.265,402.154,403.647,28.765,33.855,26.224,29.195,12.415,27.921,32.749,25.630,29.000,9.584,50.011,49.999,0.970,0.959,0.964,0.963,0.966,0.951,0.957,0.960,0.980,0.964,0.976,0.973,0.979,0.964,0.976,0.972,6.389,7.503,5.775,19.667,6.382,7.417,5.769,19.569,1.315,2.068,1.289,4.665,1.295,2.054,1.274,4.629,6.618,7.836,6.046,20.463,6.584,7.734,5.987,20.373,14.502,28.100,36.619,26.407,2.828,5.418,6.991,15.238,0.335,1.380,1.318,3.034,2.964,5.677,7.186,15.827,0.000,0.000,0.000,0.000,0.000,0.000,0.000,0.000,0.000,0.000,0.000,0.000,0.000,0.000,0.000,0.000,
2026/08/24,13:00:18,233.30,234.92,231.99,233.38,0.00,406.11,402.64,402.64,403.80,32.67,32.70,25.63,30.17,9.53,50.00,0.942,0.952,0.964,0.961,0.977,0.962,0.976,0.971,7.16,7.35,5.76,20.28,1.58,2.07,1.28,4.93,7.41,7.72,5.97,21.10,23022,19520,23096,65638,7522,6618,7564,21704,3283,4151,3803,11237,2235,2519,2148,6902,32003,28187,33247,93437,2.029,1.982,1.783,2.026,1.970,1.782,0.092,0.224,0.038,11.892,13.607,13.271,11.408,10.537,12.905,3.357,8.609,3.096,323.692,325.472,322.333,1.385,1.386,1.389,1.511,1.677,1.617,1.496,1.156,1.192,0.477,0.233,7.899,7.780,0.000,239.695,119.848,347.695,227.760,104.590,239.695,240.152,119.848,119.584,123.170,242.754,12.305,11.936,15.258,234.233,235.811,233.048,234.038,0.000,232.161,234.700,231.800,233.384,0.000,407.746,404.489,404.521,404.933,404.727,401.675,401.604,403.775,61.110,33.077,26.267,30.168,23.110,27.943,32.443,25.443,28.903,9.132,50.007,49.996,0.968,0.957,0.964,0.961,0.942,0.950,0.956,0.958,0.980,0.963,0.976,0.972,0.978,0.960,0.975,0.970,7.162,7.417,5.782,20.278,6.376,7.316,5.764,19.465,1.580,2.159,1.312,4.930,1.303,2.054,1.277,4.646,7.410,7.753,6.046,21.096,6.598,7.687,5.970,20.278,14.502,28.100,36.619,26.407,2.828,5.418,6.991,15.238,0.335,1.380,1.318,3.034,2.964,5.677,7.186,15.827,0.000,0.000,0.000,0.000,0.000,0.000,0.000,0.000,0.000,0.000,0.000,0.000,0.000,0.000,0.000,0.000,
2026/08/24,13:00:23,233.14,234.87,232.03,233.25,0.00,405.68,402.72,402.61,403.67,34.22,32.80,25.80,30.96,11.99,49.99,0.974,0.956,0.962,0.963,0.983,0.962,0.976,0.974,7.68,7.37,5.76,20.81,1.44,2.08,1.28,4.80,7.90,7.72,5.99,21.61,23033,19530,23104,65667,7522,6618,7564,21704,3285,4154,3805,11244,2235,2519,2148,6902,32014,28198,33256,93468,1.781,1.690,1.489,1.774,1.688,1.486,0.147,0.075,0.097,16.163,13.219,16.997,12.865,10.111,14.555,9.785,8.515,8.777,323.483,325.072,322.866,1.386,1.385,1.392,1.632,1.592,1.712,1.496,1.154,1.217,0.416,0.254,8.062,10.998,0.000,239.818,119.883,342.580,226.283,111.762,239.818,240.064,119.883,116.877,114.521,231.398,17.420,13.535,8.121,233.744,235.497,232.619,233.665,0.000,232.863,234.648,231.767,233.254,0.000,406.851,403.661,403.859,404.210,405.362,402.098,402.058,403.500,34.361,33.147,25.953,30.960,12.009,32.423,32.591,25.478,30.168,9.046,50.004,49.995,0.974,0.956,0.966,0.966,0.942,0.952,0.962,0.961,0.983,0.962,0.977,0.974,0.977,0.962,0.976,0.971,7.679,7.388,5.771,20.806,7.162,7.353,5.755,20.278,1.580,2.091,1.282,4.930,1.439,2.073,1.262,4.797,7.903,7.738,5.995,21.614,7.410,7.705,5.970,21.096,14.502,28.100,36.619,26.407,2.828,5.418,6.991,15.238,0.335,1.380,1.318,3.034,2.964,5.677,7.186,15.827,0.000,0.000,0.000,0.000,0.000,0.000,0.000,0.000,0.000,0.000,0.000,0.000,0.000,0.000,0.000,0.000,
2026/08/24,13:00:28,233.17,234.94,232.24,233.50,0.00,406.01,402.67,402.81,403.83,34.70,32.72,25.66,30.97,10.96,49.99,0.971,0.952,0.964,0.963,0.984,0.962,0.976,0.974,7.87,7.36,5.76,20.99,1.44,2.09,1.28,4.81,8.11,7.71,5.98,21.80,23044,19541,23112,65697,7522,6618,7564,21704,3287,4157,3807,11251,2235,2519,2148,6902,32025,28209,33264,93498,1.829,1.727,1.547,1.826,1.722,1.545,0.096,0.122,0.082,14.694,9.338,15.573,12.037,8.913,13.862,8.427,2.784,7.097,323.025,325.223,322.533,1.386,1.385,1.390,1.592,1.586,1.667,1.468,1.137,1.222,0.470,0.269,12.254,7.386,0.000,239.695,119.883,345.955,222.469,112.289,239.695,240.188,119.883,123.504,110.180,233.684,14.045,17.227,7.594,233.499,235.349,232.625,233.500,0.000,232.773,234.546,231.810,233.206,0.000,406.528,403.365,403.648,403.997,404.943,402.078,402.022,403.448,35.003,33.238,25.865,31.011,12.470,33.884,32.538,25.404,30.804,9.297,49.995,49.989,0.974,0.956,0.966,0.965,0.970,0.952,0.961,0.961,0.983,0.962,0.976,0.974,0.983,0.962,0.976,0.974,7.866,7.371,5.761,20.987,7.679,7.354,5.747,20.806,1.447,2.096,1.288,4.820,1.419,2.072,1.274,4.770,8.112,7.738,5.995,21.804,7.903,7.706,5.964,21.614,14.502,28.100,36.619,26.407,2.828,5.418,6.991,15.238,0.335,1.380,1.318,3.034,2.964,5.677,7.186,15.827,0.000,0.000,0.000,0.000,0.000,0.000,0.000,0.000,0.000,0.000,0.000,0.000,0.000,0.000,0.000,0.000,
2026/08/24,13:00:33,233.09,234.85,232.22,233.34,0.00,405.95,402.66,402.59,403.73,34.76,32.65,25.57,31.08,12.62,49.98,0.974,0.949,0.956,0.962,0.984,0.962,0.976,0.974,7.90,7.31,5.74,20.95,1.44,2.08,1.27,4.79,8.09,7.67,6.03,21.78,23053,19549,23118,65720,7522,6618,7564,21704,3289,4159,3808,11256,2235,2519,2148,6902,32035,28218,33271,93524,1.852,1.738,1.554,1.849,1.736,1.551,0.107,0.075,0.086,13.862,13.703,16.523,11.978,10.523,14.174,6.978,8.777,8.492,323.012,324.725,322.372,1.388,1.383,1.390,1.558,1.667,1.686,1.467,1.167,1.218,0.502,0.245,8.998,9.571,0.000,239.660,119.813,342.773,224.121,107.684,239.660,240.152,119.813,118.318,116.438,234.756,17.227,15.539,12.129,233.455,235.090,232.356,233.500,0.000,232.663,234.532,231.695,233.082,0.000,406.362,403.118,403.238,403.833,404.886,401.783,401.739,403.203,35.030,33.164,26.216,31.181,12.701,34.426,32.305,25.506,30.974,9.337,49.991,49.983,0.974,0.956,0.964,0.965,0.971,0.949,0.956,0.961,0.984,0.962,0.976,0.974,0.984,0.961,0.976,0.974,7.900,7.360,5.761,20.988,7.866,7.307,5.743,20.951,1.452,2.090,1.282,4.810,1.419,2.077,1.268,4.786,8.115,7.712,6.025,21.811,8.090,7.669,5.980,21.741,14.502,28.100,36.619,26.407,2.828,5.418,6.991,15.238,0.335,1.380,1.318,3.034,2.964,5.677,7.186,15.827,0.000,0.000,0.000,0.000,0.000,0.000,0.000,0.000,0.000,0.000,0.000,0.000,0.000,0.000,0.000,0.000,
2026/08/24,13:00:38,232.92,234.72,231.82,233.26,0.00,405.60,402.27,402.06,403.31,34.26,32.84,25.65,30.96,9.97,49.98,0.971,0.957,0.962,0.964,0.983,0.962,0.976,0.974,7.79,7.36,5.73,20.88,1.42,2.08,1.28,4.78,8.00,7.71,5.96,21.66,23066,19562,23128,65756,7522,6618,7564,21704,3291,4163,3810,11264,2235,2519,2148,6902,32048,28231,33281,93560,1.847,1.768,1.580,1.845,1.766,1.579,0.096,0.089,0.053,12.510,12.154,16.943,11.525,9.921,14.549,4.866,7.020,8.682,322.919,325.190,322.314,1.386,1.386,1.389,1.565,1.610,1.688,1.468,1.153,1.232,0.495,0.223,9.636,8.618,0.000,239.695,119.795,346.008,225.615,110.074,239.695,240.100,119.795,120.393,115.541,235.934,13.992,14.080,9.721,233.368,235.066,232.360,233.335,0.000,232.673,234.462,231.626,233.068,0.000,406.246,403.072,403.377,403.732,404.857,401.917,401.747,403.177,35.006,33.036,25.846,31.078,12.618,34.128,32.435,25.381,30.898,9.609,49.990,49.983,0.974,0.957,0.964,0.965,0.967,0.949,0.956,0.962,0.984,0.962,0.976,0.974,0.983,0.962,0.976,0.974,7.900,7.361,5.743,20.955,7.786,7.308,5.717,20.852,1.438,2.084,1.277,4.790,1.418,2.063,1.260,4.751,8.090,7.706,6.025,21.784,7.999,7.643,5.932,21.654,14.502,28.100,36.619,26.407,2.828,5.418,6.991,15.238,0.335,1.380,1.318,3.034,2.964,5.677,7.186,15.827,0.000,0.000,0.000,0.000,0.000,0.000,0.000,0.000,0.000,0.000,0.000,0.000,0.000,0.000,0.000,0.000,
2026/08/24,13:00:43,232.84,234.62,231.89,233.27,0.00,405.35,402.41,402.02,403.26,34.14,33.14,25.55,30.87,10.53,49.99,0.973,0.957,0.963,0.964,0.983,0.963,0.976,0.974,7.79,7.40,5.74,20.94,1.45,2.08,1.27,4.80,8.01,7.76,5.94,21.71,23077,19572,23136,65785,7522,6618,7564,21704,3293,4166,3812,11271,2235,2519,2148,6902,32060,28242,33290,93592,1.801,1.695,1.534,1.798,1.693,1.528,0.112,0.083,0.141,13.425,12.911,13.755,11.949,10.279,13.034,6.120,7.813,4.393,323.326,325.255,322.617,1.386,1.386,1.391,1.565,1.683,1.652,1.465,1.151,1.199,0.470,0.202,11.121,7.986,0.000,239.748,119.777,344.109,221.854,110.021,239.748,240.029,119.777,122.256,111.832,234.088,15.891,17.895,9.756,233.382,235.075,232.312,233.335,0.000,232.698,234.462,231.619,233.067,0.000,406.281,403.101,403.297,403.695,404.954,401.861,401.876,403.189,34.633,33.361,26.138,30.962,11.113,34.009,32.704,25.350,30.868,9.352,49.992,49.984,0.975,0.957,0.963,0.965,0.971,0.950,0.956,0.962,0.984,0.963,0.976,0.974,0.983,0.962,0.975,0.974,7.796,7.405,5.743,20.935,7.786,7.361,5.725,20.876,1.458,2.092,1.277,4.826,1.419,2.075,1.265,4.765,8.010,7.763,5.970,21.712,7.983,7.706,5.941,21.665,14.502,28.100,36.619,26.407,2.828,5.418,6.991,15.238,0.335,1.380,1.318,3.034,2.964,5.677,7.186,15.827,0.000,0.000,0.000,0.000,0.000,0.000,0.000,0.000,0.000,0.000,0.000,0.000,0.000,0.000,0.000,0.000,
2026/08/24,13:00:48,233.29,235.05,232.09,233.29,0.00,405.97,402.97,402.72,403.89,26.28,33.08,25.84,28.38,11.20,50.00,0.972,0.952,0.965,0.960,0.985,0.963,0.976,0.974,6.01,7.39,5.75,19.15,1.04,2.06,1.26,4.36,6.18,7.78,5.97,19.94,23086,19580,23143,65809,7522,6618,7564,21704,3295,4168,3814,11277,2235,2519,2148,6902,32068,28251,33297,93616,1.779,1.678,1.482,1.777,1.675,1.481,0.081,0.106,0.057,15.088,11.715,15.964,14.204,9.436,13.620,5.090,6.943,8.327,323.198,324.956,322.227,1.386,1.384,1.389,1.556,1.629,1.763,1.763,1.152,1.208,0.444,0.253,12.360,4.693,0.000,239.818,119.848,351.264,223.646,103.113,239.818,240.029,119.848,127.617,120.533,248.150,8.736,16.172,16.734,233.677,235.054,232.402,233.380,0.000,232.806,234.492,231.711,233.261,0.000,406.305,403.382,403.714,403.779,405.101,402.001,401.960,403.259,34.471,33.456,25.914,31.036,11.203,26.282,32.673,25.485,28.378,9.474,49.999,49.990,0.975,0.958,0.965,0.966,0.972,0.952,0.961,0.960,0.983,0.964,0.977,0.974,0.983,0.963,0.976,0.974,7.792,7.435,5.746,20.969,6.012,7.394,5.738,19.152,1.455,2.075,1.271,4.798,1.041,2.058,1.265,4.364,8.010,7.784,5.974,21.712,6.181,7.742,5.941,19.939,14.502,28.100,36.619,26.407,2.828,5.418,6.991,15.238,0.335,1.380,1.318,3.034,2.964,5.677,7.186,15.827,0.000,0.000,0.000,0.000,0.000,0.000,0.000,0.000,0.000,0.000,0.000,0.000,0.000,0.000,0.000,0.000,
2026/08/24,13:00:53,233.30,235.02,232.17,233.56,0.00,406.09,402.72,402.97,403.93,26.64,33.06,25.81,28.39,11.22,50.01,0.973,0.957,0.959,0.963,0.985,0.962,0.976,0.974,6.02,7.38,5.77,19.17,1.05,2.08,1.27,4.40,6.19,7.70,6.01,19.90,23094,19591,23151,65836,7522,6618,7564,21704,3296,4171,3816,11283,2235,2519,2148,6902,32077,28262,33305,93644,1.989,1.947,1.764,1.986,1.941,1.759,0.098,0.145,0.133,17.776,15.821,13.732,15.154,11.268,12.929,9.292,11.105,4.626,323.023,325.318,322.284,1.385,1.385,1.388,1.657,1.689,1.696,1.753,1.169,1.192,0.465,0.304,7.681,8.542,0.000,239.748,119.936,345.586,225.316,106.629,239.748,240.188,119.936,120.270,118.688,238.957,14.414,14.432,13.307,233.714,235.383,232.607,233.585,0.000,233.051,234.694,231.791,233.287,0.000,406.834,403.837,403.678,404.096,405.338,402.326,402.154,403.889,26.782,33.305,26.096,28.405,11.421,26.244,32.583,25.528,28.241,9.635,50.006,49.997,0.973,0.957,0.965,0.963,0.968,0.952,0.959,0.960,0.985,0.963,0.976,0.974,0.985,0.962,0.976,0.973,6.023,7.394,5.771,19.171,5.999,7.362,5.746,19.139,1.058,2.101,1.286,4.440,1.041,2.058,1.265,4.364,6.208,7.784,6.008,19.941,6.181,7.702,5.974,19.881,14.502,28.100,36.619,26.407,2.828,5.418,6.991,15.238,0.335,1.380,1.318,3.034,2.964,5.677,7.186,15.827,0.000,0.000,0.000,0.000,0.000,0.000,0.000,0.000,0.000,0.000,0.000,0.000,0.000,0.000,0.000,0.000,
2026/08/24,13:00:58,233.21,234.85,232.19,233.45,0.00,405.65,402.49,403.31,403.82,26.48,32.67,25.63,28.24,10.52,50.02,0.973,0.955,0.964,0.964,0.985,0.963,0.976,0.974,6.00,7.35,5.76,19.12,1.04,2.07,1.27,4.38,6.18,7.69,5.96,19.83,23103,19601,23159,65863,7522,6618,7564,21704,3298,4174,3817,11289,2235,2519,2148,6902,32086,28273,33314,93673,1.848,1.749,1.559,1.843,1.739,1.551,0.138,0.182,0.157,17.271,11.492,14.051,15.125,9.993,13.382,8.337,5.674,4.284,323.594,325.244,322.800,1.387,1.384,1.390,1.578,1.664,1.641,1.779,1.157,1.203,0.375,0.386,5.848,10.211,0.000,239.854,120.129,343.793,225.457,108.633,239.854,240.275,120.129,118.336,116.824,235.160,16.207,14.396,11.496,233.625,235.349,232.412,233.558,0.000,232.965,234.708,231.770,233.390,0.000,406.552,403.539,403.778,404.018,405.193,402.165,402.283,403.726,26.892,33.254,26.087,28.488,12.423,26.225,32.494,25.527,28.242,9.736,50.016,50.005,0.973,0.957,0.965,0.964,0.966,0.951,0.959,0.960,0.986,0.963,0.977,0.974,0.985,0.962,0.976,0.974,6.023,7.396,5.776,19.171,6.000,7.354,5.761,19.120,1.046,2.079,1.274,4.399,1.035,2.066,1.266,4.373,6.224,7.769,6.020,19.967,6.177,7.693,5.964,19.833,14.502,28.100,36.619,26.407,2.828,5.418,6.991,15.238,0.335,1.380,1.318,3.034,2.964,5.677,7.186,15.827,0.000,0.000,0.000,0.000,0.000,0.000,0.000,0.000,0.000,0.000,0.000,0.000,0.000,0.000,0.000,0.000,
2026/08/24,13:01:03,233.17,234.71,231.71,233.29,0.00,405.46,402.22,402.72,403.47,26.43,33.47,25.83,28.56,10.20,50.03,0.972,0.955,0.966,0.962,0.986,0.964,0.976,0.974,6.03,7.48,5.77,19.29,1.03,2.06,1.26,4.35,6.21,7.85,5.98,20.05,23111,19612,23168,65891,7522,6618,7564,21704,3299,4177,3819,11295,2235,2519,2148,6902,32095,28284,33322,93701,1.807,1.694,1.507,1.804,1.693,1.506,0.087,0.056,0.046,14.552,12.514,13.752,13.803,9.943,13.172,4.607,7.598,3.950,323.146,325.136,322.112,1.384,1.385,1.388,1.558,1.684,1.660,1.742,1.155,1.202,0.373,0.340,8.143,8.917,0.000,239.871,120.059,346.148,227.373,106.875,239.871,240.188,120.059,118.529,120.498,239.027,13.852,12.498,13.184,233.948,235.568,232.563,233.528,0.000,232.937,234.596,231.691,233.142,0.000,406.986,403.629,404.079,404.000,404.992,402.129,402.298,403.310,26.769,33.618,25.941,28.562,10.689,26.285,32.468,25.550,28.242,9.765,50.026,50.016,0.973,0.957,0.966,0.965,0.969,0.954,0.963,0.961,0.986,0.963,0.977,0.974,0.985,0.963,0.976,0.974,6.034,7.479,5.775,19.287,6.005,7.337,5.757,19.109,1.060,2.084,1.277,4.421,1.035,2.045,1.256,4.344,6.214,7.855,5.988,20.046,6.177,7.677,5.964,19.833,14.502,28.100,36.619,26.407,2.828,5.418,6.991,15.238,0.335,1.380,1.318,3.034,2.964,5.677,7.186,15.827,0.000,0.000,0.000,0.000,0.000,0.000,0.000,0.000,0.000,0.000,0.000,0.000,0.000,0.000,0.000,0.000,
2026/08/24,13:01:08,233.11,234.93,231.95,233.37,0.00,405.46,402.34,403.05,403.62,33.42,33.16,25.80,30.23,9.60,50.03,0.939,0.958,0.966,0.961,0.972,0.964,0.977,0.970,7.05,7.49,5.78,20.32,1.69,2.06,1.26,5.01,7.34,7.82,5.98,21.14,23118,19621,23174,65913,7522,6618,7564,21704,3301,4179,3821,11301,2235,2519,2148,6902,32102,28293,33329,93724,1.780,1.694,1.522,1.780,1.693,1.520,0.032,0.069,0.080,11.850,12.174,15.722,11.387,9.839,13.767,3.280,7.168,7.592,322.982,325.222,322.211,1.386,1.383,1.389,1.538,1.709,1.701,1.500,1.156,1.217,0.352,0.431,11.632,5.545,0.000,239.941,120.146,348.363,222.504,100.758,239.941,240.205,120.146,124.857,121.746,246.604,11.637,17.438,19.389,233.718,235.400,232.266,233.450,0.000,232.110,234.552,231.620,233.287,0.000,406.342,403.178,403.692,403.924,404.581,401.046,402.219,403.433,66.163,33.535,26.212,30.225,22.167,26.268,32.921,25.568,28.562,9.432,50.029,50.025,0.972,0.958,0.966,0.964,0.939,0.955,0.965,0.961,0.986,0.965,0.977,0.975,0.985,0.964,0.976,0.970,7.054,7.492,5.788,20.323,6.026,7.479,5.775,19.287,1.686,2.063,1.268,5.014,1.035,2.035,1.259,4.330,7.336,7.855,6.001,21.141,6.197,7.823,5.977,20.008,14.502,28.100,36.619,26.407,2.828,5.418,6.991,15.238,0.335,1.380,1.318,3.034,2.964,5.677,7.186,15.827,0.000,0.000,0.000,0.000,0.000,0.000,0.000,0.000,0.000,0.000,0.000,0.000,0.000,0.000,0.000,0.000,
2026/08/24,13:01:13,233.14,235.03,232.09,233.16,0.00,405.56,402.66,403.09,403.77,34.95,32.86,25.93,31.17,9.69,50.02,0.971,0.956,0.963,0.965,0.983,0.963,0.977,0.974,7.88,7.40,5.77,21.06,1.45,2.08,1.25,4.78,8.09,7.74,6.00,21.83,23131,19633,23184,65948,7522,6618,7564,21704,3303,4183,3823,11309,2235,2519,2148,6902,32115,28306,33339,93760,1.800,1.699,1.519,1.799,1.698,1.518,0.045,0.059,0.063,11.189,9.797,13.980,10.780,9.500,12.929,2.999,2.392,5.318,322.795,325.307,321.920,1.385,1.385,1.388,1.512,1.607,1.632,1.440,1.142,1.192,0.365,0.406,9.496,8.848,0.000,239.941,120.094,345.533,225.563,109.354,239.941,240.117,120.094,120.762,116.244,237.006,14.467,14.379,10.740,233.653,235.459,232.498,233.529,0.000,232.768,234.707,231.645,233.160,0.000,406.224,403.310,404.026,403.941,404.833,402.010,402.192,403.243,34.953,33.476,26.070,31.172,11.328,33.308,32.574,25.569,30.225,9.486,50.029,50.022,0.974,0.958,0.966,0.965,0.939,0.949,0.962,0.961,0.983,0.964,0.977,0.974,0.972,0.962,0.976,0.970,7.883,7.488,5.786,21.060,7.054,7.391,5.774,20.323,1.686,2.086,1.267,5.014,1.452,2.063,1.246,4.776,8.093,7.823,6.012,21.831,7.336,7.732,5.979,21.141,14.502,28.100,36.619,26.407,2.828,5.418,6.991,15.238,0.335,1.380,1.318,3.034,2.964,5.677,7.186,15.827,0.000,0.000,0.000,0.000,0.000,0.000,0.000,0.000,0.000,0.000,0.000,0.000,0.000,0.000,0.000,0.000,
2026/08/24,13:01:18,233.40,235.56,232.18,233.45,0.00,405.97,402.97,403.58,404.17,35.26,33.20,26.06,31.32,10.39,50.03,0.974,0.956,0.964,0.964,0.984,0.964,0.976,0.975,8.00,7.41,5.78,21.19,1.46,2.04,1.28,4.78,8.21,7.74,6.03,21.97,23143,19644,23192,65979,7522,6618,7564,21704,3305,4186,3825,11316,2235,2519,2148,6902,32127,28317,33348,93792,1.797,1.741,1.531,1.790,1.736,1.526,0.168,0.132,0.119,11.863,11.696,18.950,11.147,9.947,14.934,4.058,6.153,11.665,323.344,326.106,323.192,1.385,1.384,1.391,1.530,1.648,1.662,1.442,1.148,1.240,0.269,0.433,16.033,3.636,0.000,240.082,120.182,350.174,219.498,112.605,240.082,240.117,120.182,130.676,106.436,237.480,9.826,20.584,7.576,233.596,235.790,232.833,233.564,0.000,232.788,234.226,231.635,233.160,0.000,406.446,403.889,403.942,404.070,404.899,401.972,402.362,403.759,35.452,33.586,26.093,31.506,11.882,34.714,32.712,25.520,31.172,9.606,50.029,50.022,0.975,0.958,0.966,0.967,0.971,0.955,0.963,0.962,0.984,0.963,0.977,0.975,0.983,0.962,0.977,0.974,8.004,7.430,5.788,21.222,7.883,7.404,5.774,21.060,1.458,2.094,1.280,4.821,1.447,2.041,1.246,4.772,8.228,7.827,6.028,22.067,8.093,7.739,5.974,21.831,14.502,28.100,36.619,26.407,2.828,5.418,6.991,15.238,0.335,1.380,1.318,3.034,2.964,5.677,7.186,15.827,0.000,0.000,0.000,0.000,0.000,0.000,0.000,0.000,0.000,0.000,0.000,0.000,0.000,0.000,0.000,0.000,
2026/08/24,13:01:23,233.27,235.40,232.14,233.82,0.00,405.63,402.89,403.46,403.99,35.28,32.82,25.79,31.48,9.89,50.03,0.974,0.954,0.961,0.965,0.984,0.961,0.977,0.974,8.04,7.40,5.80,21.23,1.45,2.11,1.27,4.83,8.24,7.76,6.01,22.01,23154,19654,23200,66008,7522,6618,7564,21704,3307,4189,3826,11322,2235,2519,2148,6902,32139,28328,33356,93823,1.746,1.676,1.487,1.741,1.672,1.486,0.119,0.112,0.048,13.240,11.234,14.726,11.882,9.564,13.563,5.842,5.894,5.734,323.639,325.808,322.663,1.387,1.385,1.388,1.569,1.654,1.720,1.445,1.151,1.215,0.300,0.496,14.446,4.515,0.000,240.117,120.199,350.596,220.430,103.676,240.117,240.082,120.199,130.166,116.754,246.920,9.404,19.688,16.523,233.962,236.037,232.824,234.121,0.000,232.954,235.065,231.788,233.447,0.000,407.266,403.883,404.955,404.999,405.435,402.166,402.636,403.949,35.754,33.305,26.217,31.481,11.311,34.997,32.672,25.604,31.249,9.837,50.032,50.021,0.975,0.956,0.964,0.965,0.972,0.952,0.955,0.960,0.984,0.964,0.976,0.975,0.983,0.961,0.976,0.973,8.057,7.425,5.799,21.257,8.003,7.396,5.770,21.188,1.486,2.131,1.290,4.897,1.450,2.041,1.269,4.779,8.291,7.788,6.057,22.080,8.208,7.739,6.008,21.975,14.502,28.100,36.619,26.407,2.828,5.418,6.991,15.238,0.335,1.380,1.318,3.034,2.964,5.677,7.186,15.827,0.000,0.000,0.000,0.000,0.000,0.000,0.000,0.000,0.000,0.000,0.000,0.000,0.000,0.000,0.000,0.000,
2026/08/24,13:01:28,233.45,235.37,232.42,233.94,0.00,405.95,403.03,403.93,404.30,35.30,32.84,25.80,31.45,10.32,50.04,0.968,0.949,0.958,0.962,0.984,0.962,0.976,0.974,8.05,7.42,5.78,21.25,1.44,2.10,1.29,4.83,8.28,7.77,6.04,22.09,23163,19663,23207,66033,7522,6618,7564,21704,3309,4191,3828,11328,2235,2519,2148,6902,32148,28337,33363,93848,1.975,1.918,1.727,1.974,1.916,1.726,0.059,0.091,0.061,13.432,10.195,15.585,12.125,9.342,13.685,5.780,4.083,7.458,323.898,325.862,322.881,1.386,1.384,1.388,1.543,1.599,1.706,1.440,1.150,1.211,0.283,0.465,14.343,4.754,0.000,240.029,120.234,351.404,221.924,105.346,240.029,240.205,120.234,129.480,116.578,246.059,8.596,18.105,14.889,233.813,235.614,232.842,233.936,0.000,233.060,235.105,232.009,233.583,0.000,406.472,403.502,404.862,404.667,405.334,402.400,403.085,403.955,35.981,33.672,26.167,31.570,14.009,35.035,32.610,25.592,31.361,9.890,50.039,50.032,0.974,0.956,0.966,0.965,0.967,0.949,0.958,0.958,0.984,0.962,0.977,0.974,0.984,0.961,0.977,0.974,8.049,7.434,5.799,21.251,8.032,7.396,5.777,21.226,1.450,2.124,1.292,4.842,1.435,2.091,1.265,4.807,8.310,7.862,6.043,22.179,8.243,7.744,5.985,22.001,14.502,28.100,36.619,26.407,2.828,5.418,6.991,15.238,0.335,1.380,1.318,3.034,2.964,5.677,7.186,15.827,0.000,0.000,0.000,0.000,0.000,0.000,0.000,0.000,0.000,0.000,0.000,0.000,0.000,0.000,0.000,0.000,
2026/08/24,13:01:33,233.52,235.73,232.51,233.93,0.00,406.47,403.21,403.88,404.52,41.09,33.10,25.60,33.28,13.60,50.04,0.976,0.951,0.965,0.966,0.984,0.961,0.976,0.974,9.37,7.49,5.79,22.65,1.67,2.15,1.31,5.13,9.59,7.86,6.00,23.45,23179,19675,23217,66071,7522,6618,7564,21704,3312,4195,3830,11337,2235,2519,2148,6902,32164,28351,33373,93888,1.967,1.855,1.723,1.965,1.853,1.720,0.083,0.090,0.107,11.312,12.259,13.711,11.055,9.900,13.369,2.398,7.231,3.044,323.751,326.472,323.457,1.385,1.384,1.390,1.529,1.607,1.634,1.372,1.155,1.207,0.356,0.451,18.404,8.270,0.000,239.959,120.146,351.281,222.012,110.039,239.959,240.188,120.146,129.270,111.973,241.242,8.719,17.947,10.107,234.113,236.258,232.994,234.255,0.000,232.581,235.308,232.158,233.728,0.000,407.463,404.037,405.064,405.151,405.589,401.863,403.172,404.137,69.925,33.752,26.038,33.283,27.564,35.119,32.843,25.413,31.446,9.937,50.040,50.036,0.976,0.956,0.965,0.966,0.964,0.949,0.958,0.935,0.984,0.962,0.976,0.974,0.978,0.961,0.975,0.972,9.372,7.505,5.789,22.651,8.049,7.423,5.767,21.249,1.891,2.153,1.311,5.291,1.442,2.096,1.272,4.831,10.067,7.861,6.043,23.859,8.280,7.771,5.991,22.095,14.502,28.100,36.619,26.407,2.828,5.418,6.991,15.238,0.335,1.380,1.318,3.034,2.964,5.677,7.186,15.827,0.000,0.000,0.000,0.000,0.000,0.000,0.000,0.000,0.000,0.000,0.000,0.000,0.000,0.000,0.000,0.000,
2026/08/24,13:01:38,233.44,235.78,232.39,233.85,0.00,406.55,402.93,403.72,404.40,42.21,33.33,26.02,33.75,15.12,50.03,0.979,0.954,0.966,0.968,0.986,0.962,0.976,0.975,9.57,7.52,5.81,22.90,1.63,2.14,1.28,5.04,9.78,7.86,6.02,23.66,23189,19684,23223,66096,7522,6618,7564,21704,3314,4197,3831,11342,2235,2519,2148,6902,32175,28360,33380,93915,2.079,1.995,1.816,2.074,1.989,1.813,0.146,0.159,0.110,11.302,11.410,15.172,10.645,10.073,13.368,3.796,5.360,7.177,323.887,326.929,322.955,1.387,1.387,1.389,1.546,1.649,1.702,1.337,1.143,1.195,0.400,0.483,14.689,13.362,0.000,239.906,120.146,347.748,226.160,106.682,239.906,240.240,120.146,120.551,119.479,240.029,12.252,13.746,13.465,233.959,235.991,232.882,233.959,0.000,233.219,235.427,232.260,233.847,0.000,407.218,403.679,404.756,404.615,405.659,402.474,403.471,404.330,42.365,33.681,26.071,33.753,15.184,40.797,33.056,25.560,33.283,13.528,50.036,50.028,0.979,0.954,0.966,0.968,0.976,0.951,0.962,0.966,0.986,0.962,0.977,0.975,0.984,0.961,0.976,0.974,9.575,7.517,5.810,22.899,9.372,7.489,5.789,22.651,1.675,2.153,1.306,5.133,1.625,2.138,1.273,5.039,9.775,7.882,6.035,23.656,9.585,7.845,6.002,23.449,14.502,28.100,36.619,26.407,2.828,5.418,6.991,15.238,0.335,1.380,1.318,3.034,2.964,5.677,7.186,15.827,0.000,0.000,0.000,0.000,0.000,0.000,0.000,0.000,0.000,0.000,0.000,0.000,0.000,0.000,0.000,0.000,
2026/08/24,13:01:43,234.09,236.41,233.08,233.84,0.00,407.38,404.09,405.16,405.54,42.42,33.99,26.21,34.10,14.43,50.03,0.978,0.948,0.964,0.966,0.986,0.963,0.977,0.976,9.72,7.61,5.87,23.19,1.62,2.13,1.28,5.03,9.94,7.98,6.07,24.00,23203,19695,23232,66130,7522,6618,7564,21704,3316,4200,3833,11349,2235,2519,2148,6902,32189,28371,33389,93949,2.025,1.952,1.808,2.021,1.951,1.804,0.114,0.050,0.121,12.309,11.996,12.956,11.168,10.029,12.599,5.176,6.583,3.022,324.210,326.629,323.363,1.385,1.384,1.389,1.565,1.620,1.646,1.337,1.142,1.180,0.318,0.557,16.813,11.218,0.000,240.047,120.287,349.330,224.525,109.459,240.047,240.240,120.287,124.734,115.066,239.801,10.670,15.521,10.828,234.092,236.414,233.075,233.880,0.000,233.138,235.532,232.156,233.773,0.000,407.376,404.088,405.163,404.442,405.729,402.581,403.112,404.224,42.870,34.453,26.245,34.323,15.242,41.956,33.313,25.727,33.753,14.124,50.036,50.028,0.980,0.956,0.967,0.969,0.978,0.948,0.963,0.964,0.987,0.963,0.977,0.976,0.986,0.962,0.976,0.975,9.726,7.619,5.865,23.190,9.575,7.517,5.807,22.899,1.635,2.148,1.285,5.068,1.611,2.130,1.263,5.011,9.944,8.016,6.077,24.033,9.775,7.865,6.016,23.656,14.502,28.100,36.619,26.407,2.828,5.418,6.991,15.238,0.335,1.380,1.318,3.034,2.964,5.677,7.186,15.827,0.000,0.000,0.000,0.000,0.000,0.000,0.000,0.000,0.000,0.000,0.000,0.000,0.000,0.000,0.000,0.000,
2026/08/24,13:01:48,233.70,235.89,232.76,234.13,0.00,406.33,403.62,404.69,404.88,42.35,34.07,25.96,34.09,14.18,50.03,0.975,0.957,0.967,0.968,0.986,0.963,0.977,0.976,9.68,7.64,5.87,23.19,1.64,2.15,1.29,5.08,9.90,8.00,6.07,23.97,23214,19703,23238,66155,7522,6618,7564,21704,3318,4203,3835,11356,2235,2519,2148,6902,32200,28380,33396,93976,1.767,1.676,1.512,1.761,1.671,1.505,0.146,0.117,0.150,11.943,15.567,13.836,10.935,11.309,13.093,4.801,10.697,4.472,323.651,326.466,323.464,1.385,1.384,1.390,1.539,1.678,1.638,1.351,1.165,1.189,0.237,0.575,18.437,9.454,0.000,240.170,120.357,351.018,221.941,108.141,240.170,240.170,120.357,129.076,112.658,242.385,8.982,18.229,12.217,234.092,236.414,233.083,234.337,0.000,233.235,235.520,232.279,233.844,0.000,407.376,404.133,405.163,405.542,405.643,402.716,403.558,404.721,42.919,34.182,26.425,34.269,15.643,41.922,33.581,25.853,34.073,14.119,50.044,50.028,0.978,0.957,0.967,0.968,0.974,0.948,0.963,0.966,0.986,0.963,0.977,0.976,0.986,0.962,0.976,0.975,9.719,7.641,5.879,23.221,9.680,7.608,5.865,23.190,1.648,2.165,1.295,5.108,1.617,2.135,1.279,5.031,9.952,7.995,6.098,24.030,9.901,7.966,6.071,23.971,14.502,28.100,36.619,26.407,2.828,5.418,6.991,15.238,0.335,1.380,1.318,3.034,2.964,5.677,7.186,15.827,0.000,0.000,0.000,0.000,0.000,0.000,0.000,0.000,0.000,0.000,0.000,0.000,0.000,0.000,0.000,0.000,
2026/08/24,13:01:53,233.69,236.20,232.73,234.22,0.00,406.66,403.62,404.52,404.93,41.96,33.36,26.47,33.94,15.38,50.03,0.978,0.954,0.964,0.966,0.986,0.961,0.977,0.975,9.63,7.51,5.87,23.01,1.64,2.16,1.28,5.08,9.84,7.86,6.11,23.82,23231,19716,23248,66195,7522,6618,7564,21704,3321,4207,3837,11365,2235,2519,2148,6902,32217,28394,33406,94017,2.071,2.019,1.889,2.059,2.013,1.884,0.225,0.163,0.140,12.224,10.496,19.841,11.073,9.567,15.130,5.178,4.317,12.836,324.049,327.126,324.307,1.386,1.384,1.393,1.556,1.669,1.732,1.360,1.147,1.242,0.273,0.546,16.586,11.056,0.000,240.135,120.287,348.416,222.258,105.381,240.135,240.152,120.287,126.158,116.244,243.387,11.584,17.877,14.906,234.275,236.546,233.254,234.219,0.000,233.334,235.629,232.370,233.970,0.000,407.784,404.666,405.514,404.999,406.077,402.889,403.667,404.584,42.624,34.072,26.511,34.094,15.657,41.814,33.074,25.833,33.935,13.884,50.039,50.028,0.978,0.957,0.967,0.968,0.975,0.951,0.963,0.966,0.986,0.963,0.977,0.976,0.986,0.962,0.976,0.975,9.680,7.641,5.873,23.193,9.630,7.509,5.857,23.007,1.646,2.171,1.286,5.103,1.632,2.152,1.280,5.064,9.901,7.995,6.111,23.971,9.843,7.865,6.065,23.819,14.502,28.100,36.619,26.407,2.828,5.418,6.991,15.238,0.335,1.380,1.318,3.034,2.964,5.677,7.186,15.827,0.000,0.000,0.000,0.000,0.000,0.000,0.000,0.000,0.000,0.000,0.000,0.000,0.000,0.000,0.000,0.000,
2026/08/24,13:01:58,233.85,236.04,232.87,234.34,0.00,406.95,403.92,404.46,405.11,42.11,33.34,26.29,33.67,14.49,50.03,0.976,0.951,0.954,0.963,0.985,0.960,0.976,0.975,9.52,7.47,5.88,22.88,1.67,2.16,1.31,5.14,9.76,7.85,6.14,23.76,23244,19727,23257,66228,7522,6618,7564,21704,3323,4210,3839,11372,2235,2519,2148,6902,32231,28405,33415,94051,1.765,1.682,1.497,1.761,1.676,1.495,0.120,0.142,0.090,15.131,10.905,17.589,12.241,9.520,14.218,8.895,5.319,10.354,324.420,327.123,323.794,1.387,1.385,1.389,1.609,1.649,1.724,1.386,1.147,1.213,0.347,0.444,16.543,12.008,0.000,239.994,120.129,350.543,222.293,100.916,239.994,240.135,120.129,128.250,121.377,249.627,9.457,17.701,19.213,234.283,236.414,233.359,234.335,0.000,233.494,235.594,232.600,234.219,0.000,407.804,404.502,405.500,405.242,406.410,403.267,403.828,404.933,42.231,33.813,26.711,33.935,15.956,41.261,32.931,25.883,33.667,13.637,50.034,50.027,0.978,0.954,0.964,0.966,0.972,0.950,0.954,0.960,0.986,0.961,0.977,0.975,0.985,0.960,0.976,0.974,9.630,7.510,5.885,23.007,9.518,7.475,5.865,22.878,1.666,2.189,1.312,5.147,1.636,2.158,1.280,5.079,9.843,7.905,6.155,23.838,9.763,7.849,6.103,23.756,14.502,28.100,36.619,26.407,2.828,5.418,6.991,15.238,0.335,1.380,1.318,3.034,2.964,5.677,7.186,15.827,0.000,0.000,0.000,0.000,0.000,0.000,0.000,0.000,0.000,0.000,0.000,0.000,0.000,0.000,0.000,0.000,
2026/08/24,13:02:03,233.76,235.82,232.79,234.17,0.00,406.61,403.73,404.41,404.92,41.81,32.99,26.02,33.48,14.29,50.03,0.976,0.951,0.965,0.966,0.985,0.960,0.976,0.975,9.52,7.41,5.86,22.79,1.65,2.17,1.30,5.12,9.73,7.80,6.06,23.59,23255,19736,23264,66255,7522,6618,7564,21704,3325,4212,3840,11377,2235,2519,2148,6902,32242,28414,33422,94078,1.768,1.693,1.512,1.767,1.691,1.510,0.045,0.074,0.089,15.182,9.872,14.416,12.632,9.224,13.020,8.421,3.516,6.189,323.812,326.859,323.562,1.385,1.386,1.390,1.555,1.588,1.678,1.400,1.149,1.196,0.317,0.469,16.644,12.087,0.000,240.029,120.182,352.775,224.631,103.799,240.029,240.152,120.182,128.145,120.832,248.977,7.225,15.398,16.383,234.242,236.325,233.224,234.335,0.000,233.528,235.776,232.535,234.141,0.000,407.790,404.380,405.514,405.110,406.410,402.998,403.847,404.878,42.302,33.445,26.290,33.667,14.490,41.216,32.725,25.843,33.477,13.235,50.032,50.027,0.978,0.953,0.965,0.966,0.974,0.951,0.954,0.963,0.985,0.960,0.976,0.975,0.985,0.959,0.976,0.974,9.523,7.475,5.885,22.878,9.486,7.414,5.856,22.786,1.666,2.190,1.312,5.153,1.648,2.165,1.290,5.115,9.763,7.849,6.144,23.756,9.699,7.796,6.059,23.582,14.502,28.100,36.619,26.407,2.828,5.418,6.991,15.238,0.335,1.380,1.318,3.034,2.964,5.677,7.186,15.827,0.000,0.000,0.000,0.000,0.000,0.000,0.000,0.000,0.000,0.000,0.000,0.000,0.000,0.000,0.000,0.000,
2026/08/24,13:02:08,233.72,235.86,232.82,234.11,0.00,406.93,403.51,404.30,404.92,42.06,32.97,26.01,33.57,14.26,50.02,0.975,0.952,0.963,0.962,0.985,0.959,0.976,0.974,9.53,7.36,5.86,22.75,1.64,2.18,1.29,5.11,9.80,7.75,6.08,23.64,23271,19748,23274,66293,7522,6618,7564,21704,3328,4216,3842,11386,2235,2519,2148,6902,32259,28427,33432,94118,1.782,1.719,1.531,1.776,1.717,1.529,0.148,0.085,0.075,16.343,14.034,14.855,13.188,10.940,13.733,9.652,8.791,5.663,324.045,326.665,323.341,1.386,1.385,1.390,1.651,1.618,1.696,1.384,1.176,1.203,0.378,0.434,20.872,7.305,0.000,239.871,120.129,353.953,220.148,110.988,239.871,240.258,120.129,131.977,109.160,241.137,6.047,19.723,9.141,234.293,236.250,233.202,234.230,0.000,233.407,235.683,232.507,233.956,0.000,407.690,404.345,405.277,405.059,406.241,403.099,403.672,404.604,42.334,33.377,26.440,33.622,15.741,41.453,32.595,25.867,33.471,13.410,50.027,50.022,0.978,0.954,0.966,0.967,0.975,0.951,0.963,0.962,0.985,0.960,0.976,0.975,0.985,0.959,0.976,0.974,9.539,7.414,5.870,22.795,9.523,7.361,5.856,22.749,1.672,2.181,1.305,5.158,1.641,2.161,1.289,5.103,9.803,7.803,6.093,23.636,9.728,7.744,6.059,23.560,14.502,28.100,36.619,26.407,2.828,5.418,6.991,15.238,0.335,1.380,1.318,3.034,2.964,5.677,7.186,15.827,0.000,0.000,0.000,0.000,0.000,0.000,0.000,0.000,0.000,0.000,0.000,0.000,0.000,0.000,0.000,0.000,
2026/08/24,13:02:13,233.65,235.83,232.88,234.24,0.00,406.63,403.61,404.39,404.88,42.03,32.87,26.01,33.76,14.63,50.02,0.976,0.948,0.959,0.962,0.986,0.960,0.976,0.975,9.54,7.43,5.83,22.80,1.64,2.18,1.30,5.12,9.80,7.80,6.10,23.70,23285,19759,23282,66326,7522,6618,7564,21704,3330,4219,3844,11393,2235,2519,2148,6902,32273,28438,33441,94152,1.836,1.758,1.587,1.833,1.755,1.585,0.102,0.097,0.066,15.209,11.765,18.822,12.683,9.811,14.671,8.394,6.493,11.792,324.141,326.490,323.133,1.386,1.385,1.389,1.624,1.591,1.764,1.377,1.154,1.231,0.336,0.468,20.611,7.187,0.000,239.977,120.182,355.957,223.436,114.627,239.977,240.205,120.182,132.152,108.809,240.961,4.043,16.541,5.555,234.090,236.146,233.159,234.242,0.000,233.385,235.603,232.488,234.106,0.000,407.490,404.190,404.974,405.106,406.179,402.870,403.713,404.915,42.339,33.367,26.461,33.757,15.645,41.403,32.540,25.815,33.517,13.536,50.026,50.020,0.977,0.952,0.966,0.967,0.972,0.948,0.959,0.962,0.986,0.960,0.977,0.975,0.985,0.959,0.976,0.974,9.552,7.427,5.858,22.804,9.530,7.359,5.833,22.749,1.641,2.182,1.302,5.119,1.630,2.149,1.286,5.070,9.803,7.797,6.098,23.696,9.754,7.734,6.058,23.561,14.502,28.100,36.619,26.407,2.828,5.418,6.991,15.238,0.335,1.380,1.318,3.034,2.964,5.677,7.186,15.827,0.000,0.000,0.000,0.000,0.000,0.000,0.000,0.000,0.000,0.000,0.000,0.000,0.000,0.000,0.000,0.000,
2026/08/24,13:02:18,233.73,236.05,232.80,234.12,0.00,406.78,403.79,404.32,404.96,41.83,33.28,25.94,33.47,13.76,50.01,0.977,0.954,0.963,0.965,0.985,0.960,0.975,0.974,9.53,7.49,5.81,22.83,1.65,2.19,1.31,5.15,9.78,7.86,6.03,23.66,23296,19767,23288,66351,7522,6618,7564,21704,3332,4221,3846,11399,2235,2519,2148,6902,32284,28447,33448,94179,1.891,1.796,1.591,1.889,1.795,1.590,0.097,0.063,0.057,12.217,12.492,12.791,11.302,10.261,12.536,4.637,7.126,2.539,324.172,327.005,323.603,1.388,1.385,1.389,1.589,1.681,1.637,1.351,1.159,1.185,0.352,0.478,17.055,10.913,0.000,240.029,120.146,350.016,222.434,104.906,240.029,240.117,120.146,127.564,117.527,245.092,9.984,17.596,15.240,234.045,236.327,233.125,234.443,0.000,233.265,235.611,232.528,233.975,0.000,407.487,404.373,405.019,405.405,406.204,403.077,403.614,404.584,42.301,33.436,26.303,33.757,15.445,41.352,32.820,25.693,33.471,13.604,50.021,50.011,0.977,0.954,0.964,0.966,0.976,0.948,0.959,0.962,0.986,0.960,0.976,0.975,0.985,0.960,0.975,0.974,9.544,7.487,5.833,22.833,9.531,7.427,5.805,22.796,1.657,2.190,1.311,5.152,1.640,2.171,1.301,5.119,9.801,7.856,6.098,23.696,9.755,7.797,6.025,23.598,14.502,28.100,36.619,26.407,2.828,5.418,6.991,15.238,0.335,1.380,1.318,3.034,2.964,5.677,7.186,15.827,0.000,0.000,0.000,0.000,0.000,0.000,0.000,0.000,0.000,0.000,0.000,0.000,0.000,0.000,0.000,0.000,
2026/08/24,13:02:23,233.67,236.02,232.75,234.01,0.00,406.92,403.51,404.19,404.88,41.87,33.11,25.77,33.71,14.11,50.01,0.978,0.953,0.964,0.965,0.985,0.960,0.976,0.975,9.57,7.48,5.80,22.85,1.65,2.17,1.29,5.11,9.79,7.86,6.02,23.67,23312,19778,23297,66387,7522,6618,7564,21704,3334,4224,3848,11406,2235,2519,2148,6902,32298,28458,33456,94212,2.015,1.900,1.774,2.014,1.897,1.774,0.064,0.110,0.038,11.356,10.228,14.204,10.724,9.473,13.321,3.737,3.857,4.930,323.904,326.715,322.950,1.386,1.385,1.388,1.560,1.658,1.719,1.352,1.142,1.200,0.374,0.452,16.869,10.962,0.000,239.924,120.129,349.699,223.963,108.316,239.924,240.205,120.129,126.492,115.646,242.139,10.301,15.961,11.813,234.135,236.407,233.190,234.125,0.000,233.309,235.578,232.341,233.977,0.000,407.623,404.277,405.209,404.963,406.334,402.811,403.262,404.540,42.160,33.742,26.367,33.799,14.908,41.352,33.011,25.599,33.471,13.648,50.012,50.006,0.978,0.954,0.965,0.967,0.976,0.951,0.955,0.963,0.985,0.961,0.976,0.975,0.985,0.960,0.975,0.974,9.568,7.493,5.817,22.856,9.531,7.474,5.803,22.828,1.659,2.190,1.309,5.152,1.652,2.160,1.279,5.098,9.794,7.889,6.060,23.710,9.767,7.853,6.017,23.636,14.502,28.100,36.619,26.407,2.828,5.418,6.991,15.238,0.335,1.380,1.318,3.034,2.964,5.677,7.186,15.827,0.000,0.000,0.000,0.000,0.000,0.000,0.000,0.000,0.000,0.000,0.000,0.000,0.000,0.000,0.000,0.000,
2026/08/24,13:02:28,233.86,236.24,232.88,234.04,0.00,407.23,403.86,404.44,405.18,41.94,33.26,26.03,33.65,14.23,50.00,0.978,0.952,0.963,0.965,0.985,0.959,0.975,0.974,9.58,7.46,5.83,22.87,1.67,2.20,1.32,5.19,9.79,7.84,6.07,23.69,23326,19788,23305,66419,7522,6618,7564,21704,3337,4228,3849,11414,2235,2519,2148,6902,32312,28469,33465,94246,2.091,2.057,1.923,2.090,2.052,1.920,0.052,0.152,0.113,10.407,12.355,15.775,10.361,10.232,13.468,0.984,6.925,8.214,324.174,326.718,323.148,1.385,1.385,1.389,1.535,1.641,1.715,1.339,1.157,1.198,0.395,0.461,15.977,11.975,0.000,239.941,120.111,347.133,221.783,102.832,239.941,240.170,120.111,125.367,118.951,244.318,12.867,18.158,17.279,234.161,236.486,233.123,234.049,0.000,233.335,235.708,232.460,233.909,0.000,407.996,404.353,404.970,404.877,406.332,403.051,403.491,404.445,42.374,33.685,26.270,33.832,14.440,41.499,32.988,25.637,33.646,13.620,50.008,49.997,0.978,0.953,0.964,0.967,0.975,0.951,0.958,0.962,0.985,0.960,0.976,0.975,0.985,0.960,0.976,0.974,9.576,7.480,5.829,22.868,9.559,7.450,5.803,22.817,1.680,2.195,1.315,5.185,1.651,2.169,1.294,5.114,9.825,7.860,6.065,23.721,9.781,7.825,6.020,23.627,14.502,28.100,36.619,26.407,2.828,5.418,6.991,15.238,0.335,1.380,1.318,3.034,2.964,5.677,7.186,15.827,0.000,0.000,0.000,0.000,0.000,0.000,0.000,0.000,0.000,0.000,0.000,0.000,0.000,0.000,0.000,0.000,
2026/08/24,13:02:33,233.60,235.94,232.60,234.05,0.00,406.69,403.54,403.90,404.71,42.33,33.63,25.95,33.92,13.99,49.99,0.977,0.951,0.966,0.966,0.985,0.961,0.976,0.975,9.61,7.55,5.86,23.02,1.66,2.16,1.30,5.12,9.82,7.95,6.07,23.83,23339,19799,23313,66451,7522,6618,7564,21704,3339,4231,3851,11421,2235,2519,2148,6902,32326,28480,33474,94280,1.751,1.689,1.521,1.751,1.687,1.520,0.046,0.091,0.074,11.344,15.029,13.583,10.471,10.983,13.064,4.364,10.258,3.719,323.854,326.896,323.238,1.386,1.385,1.390,1.573,1.700,1.646,1.350,1.176,1.192,0.396,0.448,15.446,11.977,0.000,239.977,120.076,345.041,221.344,103.395,239.977,240.100,120.076,124.242,117.949,242.191,14.959,18.633,16.682,234.163,236.281,233.145,234.315,0.000,233.354,235.772,232.407,233.973,0.000,407.608,404.319,405.034,405.193,406.227,403.035,403.251,404.559,42.487,33.948,26.376,33.928,15.223,41.654,33.032,25.796,33.646,13.642,49.997,49.990,0.978,0.954,0.966,0.966,0.973,0.951,0.959,0.964,0.985,0.960,0.976,0.975,0.985,0.959,0.975,0.974,9.608,7.546,5.862,23.017,9.576,7.463,5.829,22.868,1.675,2.199,1.315,5.185,1.660,2.161,1.300,5.121,9.857,7.947,6.105,23.835,9.792,7.837,6.041,23.694,14.502,28.100,36.619,26.407,2.828,5.418,6.991,15.238,0.335,1.380,1.318,3.034,2.964,5.677,7.186,15.827,0.000,0.000,0.000,0.000,0.000,0.000,0.000,0.000,0.000,0.000,0.000,0.000,0.000,0.000,0.000,0.000,
2026/08/24,13:02:38,233.67,235.98,232.49,234.25,0.00,406.85,403.33,403.97,404.72,42.48,34.12,26.83,34.49,13.99,50.00,0.972,0.956,0.961,0.963,0.986,0.962,0.977,0.975,9.72,7.68,5.93,23.32,1.67,2.18,1.30,5.15,10.03,8.04,6.14,24.21,23350,19808,23320,66478,7522,6618,7564,21704,3341,4233,3853,11427,2235,2519,2148,6902,32337,28489,33481,94307,1.997,1.953,1.769,1.993,1.949,1.767,0.128,0.109,0.095,10.655,11.505,19.265,10.443,9.693,15.239,2.113,6.198,11.787,324.760,326.957,323.403,1.386,1.386,1.391,1.538,1.687,1.781,1.334,1.143,1.224,0.387,0.463,13.803,13.628,0.000,239.941,120.129,346.904,226.336,105.855,239.941,240.188,120.129,120.357,120.480,240.838,13.096,13.605,14.273,234.315,236.518,233.229,234.383,0.000,233.372,235.793,232.405,234.025,0.000,407.984,404.601,405.098,405.289,406.445,403.036,403.397,404.674,43.307,34.337,26.826,34.490,15.702,41.809,33.386,25.964,33.869,13.706,50.003,49.990,0.978,0.956,0.966,0.967,0.972,0.951,0.958,0.963,0.985,0.961,0.976,0.975,0.985,0.961,0.976,0.975,9.717,7.676,5.928,23.322,9.608,7.546,5.862,23.017,1.675,2.193,1.318,5.184,1.660,2.161,1.296,5.121,10.028,8.038,6.158,24.207,9.818,7.945,6.070,23.835,14.502,28.100,36.619,26.407,2.828,5.418,6.991,15.238,0.335,1.380,1.318,3.034,2.964,5.677,7.186,15.827,0.000,0.000,0.000,0.000,0.000,0.000,0.000,0.000,0.000,0.000,0.000,0.000,0.000,0.000,0.000,0.000,
2026/08/24,13:02:43,233.64,236.04,232.84,234.17,0.00,406.77,403.64,404.32,404.91,42.76,33.88,26.42,34.35,14.65,50.01,0.978,0.956,0.965,0.967,0.986,0.962,0.977,0.976,9.77,7.65,5.94,23.37,1.63,2.17,1.29,5.10,9.98,8.01,6.17,24.16,23367,19821,23330,66518,7522,6618,7564,21704,3344,4237,3855,11436,2235,2519,2148,6902,32354,28503,33491,94348,1.839,1.782,1.557,1.833,1.779,1.555,0.150,0.090,0.087,11.606,10.209,15.869,10.810,9.331,13.636,4.224,4.143,8.117,323.724,326.822,323.627,1.387,1.384,1.390,1.562,1.615,1.712,1.332,1.143,1.201,0.360,0.498,15.039,13.327,0.000,239.994,120.164,348.627,224.508,102.357,239.994,240.170,120.164,123.240,122.150,245.391,11.373,15.486,17.807,234.043,236.484,233.154,234.278,0.000,233.385,235.849,232.493,234.145,0.000,407.822,404.150,405.225,405.076,406.197,403.058,403.684,404.716,43.157,34.553,26.888,34.490,15.516,42.018,33.732,26.133,34.294,13.969,50.017,50.003,0.979,0.956,0.966,0.967,0.972,0.950,0.956,0.963,0.986,0.962,0.977,0.976,0.985,0.961,0.976,0.975,9.772,7.692,5.942,23.366,9.717,7.653,5.919,23.322,1.685,2.190,1.307,5.182,1.635,2.163,1.291,5.101,10.028,8.062,6.191,24.207,9.932,8.005,6.129,24.138,14.502,28.100,36.619,26.407,2.828,5.418,6.991,15.238,0.335,1.380,1.318,3.034,2.964,5.677,7.186,15.827,0.000,0.000,0.000,0.000,0.000,0.000,0.000,0.000,0.000,0.000,0.000,0.000,0.000,0.000,0.000,0.000,
2026/08/24,13:02:48,233.51,235.96,232.83,234.12,0.00,406.52,403.23,404.56,404.77,42.60,33.77,26.28,34.13,14.87,50.02,0.979,0.952,0.964,0.966,0.986,0.961,0.977,0.975,9.73,7.60,5.93,23.26,1.63,2.19,1.29,5.11,9.95,7.99,6.15,24.09,23378,19829,23337,66544,7522,6618,7564,21704,3346,4239,3857,11442,2235,2519,2148,6902,32365,28512,33498,94375,1.828,1.742,1.577,1.825,1.742,1.572,0.108,0.038,0.130,11.196,12.984,13.126,10.701,10.395,12.819,3.293,7.780,2.821,323.409,326.604,323.726,1.386,1.385,1.389,1.547,1.609,1.631,1.346,1.157,1.188,0.293,0.584,17.368,10.460,0.000,240.029,120.340,350.332,223.436,108.439,240.029,240.311,120.340,128.109,114.996,243.105,9.668,16.594,11.900,234.038,236.348,233.180,234.366,0.000,233.167,235.808,232.468,233.887,0.000,407.443,404.167,405.099,405.233,406.214,402.804,403.483,404.373,43.255,34.309,26.666,34.426,15.166,42.279,33.507,26.031,34.135,14.018,50.018,50.012,0.979,0.956,0.966,0.967,0.976,0.952,0.963,0.965,0.986,0.962,0.977,0.976,0.986,0.961,0.977,0.975,9.772,7.653,5.945,23.366,9.729,7.594,5.926,23.262,1.647,2.190,1.302,5.139,1.623,2.165,1.291,5.080,9.992,8.038,6.169,24.160,9.950,7.959,6.146,24.071,14.502,28.100,36.619,26.407,2.828,5.418,6.991,15.238,0.335,1.380,1.318,3.034,2.964,5.677,7.186,15.827,0.000,0.000,0.000,0.000,0.000,0.000,0.000,0.000,0.000,0.000,0.000,0.000,0.000,0.000,0.000,0.000,
2026/08/24,13:02:53,233.64,235.94,232.87,234.43,0.00,406.80,403.70,404.38,404.96,42.74,33.73,26.44,34.27,14.69,50.01,0.980,0.955,0.958,0.964,0.986,0.960,0.976,0.975,9.78,7.60,5.96,23.34,1.67,2.21,1.33,5.22,9.99,7.98,6.23,24.21,23392,19840,23345,66577,7522,6618,7564,21704,3348,4242,3858,11448,2235,2519,2148,6902,32380,28524,33507,94411,1.842,1.756,1.575,1.839,1.755,1.573,0.106,0.060,0.073,12.512,14.029,17.510,11.283,10.568,14.497,5.409,9.226,9.821,324.407,326.483,323.681,1.389,1.384,1.389,1.562,1.670,1.708,1.342,1.158,1.215,0.344,0.476,15.634,12.262,0.000,239.941,120.182,346.711,222.047,102.797,239.941,240.152,120.182,124.664,119.637,244.969,13.289,17.895,17.385,234.219,236.588,233.467,234.429,0.000,233.165,235.564,232.458,233.832,0.000,407.792,404.569,405.456,405.367,405.877,402.634,403.553,404.325,43.326,34.078,26.989,34.339,15.137,42.356,33.361,26.171,34.135,14.029,50.024,50.014,0.980,0.955,0.967,0.967,0.977,0.952,0.958,0.964,0.987,0.962,0.977,0.976,0.986,0.961,0.977,0.975,9.784,7.602,5.957,23.343,9.729,7.574,5.933,23.253,1.674,2.215,1.328,5.216,1.618,2.144,1.283,5.045,9.993,7.989,6.235,24.207,9.950,7.925,6.139,24.063,14.502,28.100,36.619,26.407,2.828,5.418,6.991,15.238,0.335,1.380,1.318,3.034,2.964,5.677,7.186,15.827,0.000,0.000,0.000,0.000,0.000,0.000,0.000,0.000,0.000,0.000,0.000,0.000,0.000,0.000,0.000,0.000,
2026/08/24,13:02:58,233.57,236.02,232.62,234.14,0.00,406.87,403.35,403.92,404.71,42.27,33.66,26.45,34.20,15.60,50.01,0.979,0.955,0.964,0.966,0.986,0.961,0.977,0.975,9.69,7.60,5.93,23.22,1.64,2.19,1.30,5.12,9.90,7.97,6.15,24.02,23406,19851,23354,66611,7522,6618,7564,21704,3350,4246,3860,11456,2235,2519,2148,6902,32394,28535,33516,94445,1.819,1.742,1.575,1.818,1.741,1.569,0.049,0.054,0.136,12.398,13.454,15.752,11.250,10.925,13.679,5.211,7.851,7.811,323.774,326.815,323.663,1.386,1.386,1.389,1.568,1.633,1.649,1.347,1.165,1.205,0.396,0.448,14.085,13.339,0.000,239.906,120.094,347.150,226.107,106.207,239.906,240.188,120.094,121.043,120.410,240.486,12.850,13.799,13.887,234.007,236.375,233.286,234.433,0.000,233.287,235.665,232.429,234.136,0.000,407.699,404.346,405.256,405.410,406.210,402.695,403.561,404.706,43.317,34.279,27.146,34.551,17.133,42.127,33.480,26.195,34.197,13.677,50.019,50.010,0.980,0.955,0.964,0.966,0.973,0.951,0.957,0.963,0.986,0.962,0.977,0.976,0.986,0.960,0.976,0.975,9.784,7.636,5.964,23.354,9.687,7.601,5.927,23.215,1.674,2.215,1.328,5.216,1.634,2.154,1.295,5.083,10.031,8.015,6.242,24.218,9.901,7.967,6.151,24.020,14.502,28.100,36.619,26.407,2.828,5.418,6.991,15.238,0.335,1.380,1.318,3.034,2.964,5.677,7.186,15.827,0.000,0.000,0.000,0.000,0.000,0.000,0.000,0.000,0.000,0.000,0.000,0.000,0.000,0.000,0.000,0.000,
2026/08/24,13:03:03,233.95,236.30,233.24,234.15,0.00,407.34,404.10,404.93,405.46,42.28,33.91,26.07,34.07,14.49,50.01,0.978,0.955,0.960,0.966,0.986,0.961,0.977,0.976,9.66,7.58,5.89,23.14,1.63,2.17,1.29,5.09,9.87,7.95,6.13,23.95,23420,19862,23362,66644,7522,6618,7564,21704,3353,4249,3862,11464,2235,2519,2148,6902,32408,28546,33524,94478,1.852,1.795,1.631,1.850,1.790,1.629,0.088,0.136,0.088,11.338,13.258,15.028,10.370,10.219,13.195,4.585,8.446,7.192,324.409,327.695,323.790,1.385,1.385,1.390,1.506,1.698,1.707,1.354,1.154,1.198,0.375,0.499,13.929,14.243,0.000,239.959,120.164,350.139,227.795,103.693,239.959,240.240,120.164,122.344,124.330,246.375,9.861,12.164,16.471,234.216,236.778,233.398,234.386,0.000,233.202,235.604,232.392,234.093,0.000,408.111,404.775,405.213,405.240,406.101,402.893,403.538,404.714,42.640,34.150,26.607,34.197,15.603,41.868,33.454,25.916,33.952,13.688,50.020,50.010,0.979,0.955,0.966,0.966,0.976,0.950,0.960,0.965,0.986,0.962,0.977,0.976,0.986,0.961,0.976,0.975,9.687,7.607,5.927,23.215,9.637,7.584,5.888,23.116,1.640,2.185,1.303,5.126,1.631,2.167,1.292,5.093,9.901,7.994,6.151,24.020,9.854,7.948,6.109,23.948,14.502,28.100,36.619,26.407,2.828,5.418,6.991,15.238,0.335,1.380,1.318,3.034,2.964,5.677,7.186,15.827,0.000,0.000,0.000,0.000,0.000,0.000,0.000,0.000,0.000,0.000,0.000,0.000,0.000,0.000,0.000,0.000,
2026/08/24,13:03:08,233.51,235.83,232.78,234.02,0.00,406.36,403.18,404.43,404.66,42.44,33.88,26.31,34.17,14.35,50.01,0.979,0.954,0.965,0.967,0.986,0.962,0.977,0.976,9.72,7.62,5.89,23.23,1.63,2.17,1.29,5.09,9.92,7.99,6.11,24.03,23433,19873,23371,66677,7522,6618,7564,21704,3355,4252,3864,11471,2235,2519,2148,6902,32422,28558,33533,94513,1.995,1.928,1.733,1.988,1.926,1.731,0.167,0.084,0.078,10.462,12.436,17.010,10.141,10.309,14.206,2.572,6.955,9.357,323.671,326.703,323.292,1.387,1.384,1.391,1.492,1.706,1.699,1.322,1.150,1.219,0.303,0.571,19.493,8.705,0.000,240.047,120.305,349.119,221.414,113.168,240.047,240.311,120.305,127.705,108.668,235.564,10.881,18.633,7.137,234.299,236.757,233.555,234.198,0.000,233.046,235.037,232.302,233.982,0.000,407.872,404.809,405.451,405.396,405.872,402.630,403.270,404.519,42.945,34.275,26.783,34.287,17.461,41.916,33.267,26.013,34.041,13.951,50.014,50.007,0.979,0.956,0.965,0.967,0.974,0.951,0.952,0.962,0.986,0.963,0.977,0.976,0.986,0.961,0.976,0.975,9.723,7.625,5.898,23.228,9.662,7.584,5.880,23.139,1.657,2.181,1.315,5.135,1.625,2.121,1.289,5.085,9.956,7.993,6.191,24.129,9.872,7.948,6.105,23.948,14.502,28.100,36.619,26.407,2.828,5.418,6.991,15.238,0.335,1.380,1.318,3.034,2.964,5.677,7.186,15.827,0.000,0.000,0.000,0.000,0.000,0.000,0.000,0.000,0.000,0.000,0.000,0.000,0.000,0.000,0.000,0.000,
2026/08/24,13:03:13,233.39,235.97,232.49,233.98,0.00,406.60,403.12,403.69,404.47,42.41,33.81,26.07,34.09,14.04,50.00,0.975,0.954,0.966,0.966,0.986,0.962,0.976,0.975,9.68,7.61,5.88,23.17,1.63,2.17,1.29,5.09,9.92,7.97,6.10,23.99,23447,19884,23379,66710,7522,6618,7564,21704,3357,4255,3866,11478,2235,2519,2148,6902,32436,28569,33542,94547,2.035,1.930,1.765,2.030,1.928,1.763,0.144,0.093,0.087,12.067,10.679,15.975,10.750,9.466,14.162,5.482,4.943,7.391,323.927,327.083,323.813,1.386,1.385,1.389,1.566,1.653,1.663,1.343,1.142,1.209,0.390,0.464,19.920,7.928,0.000,239.941,120.111,351.123,221.607,113.256,239.941,240.170,120.111,129.516,108.352,237.867,8.877,18.334,6.855,233.959,236.371,233.120,234.223,0.000,233.160,235.642,232.379,233.814,0.000,407.277,404.012,405.051,404.988,406.088,402.867,403.225,404.242,42.921,34.172,26.433,34.194,15.132,42.128,33.541,25.906,34.052,13.841,50.007,50.001,0.979,0.956,0.966,0.967,0.975,0.952,0.961,0.965,0.986,0.962,0.977,0.976,0.986,0.961,0.976,0.975,9.719,7.632,5.891,23.227,9.679,7.607,5.878,23.169,1.648,2.185,1.311,5.144,1.625,2.156,1.282,5.069,9.929,7.993,6.118,24.028,9.913,7.966,6.080,23.986,14.502,28.100,36.619,26.407,2.828,5.418,6.991,15.238,0.335,1.380,1.318,3.034,2.964,5.677,7.186,15.827,0.000,0.000,0.000,0.000,0.000,0.000,0.000,0.000,0.000,0.000,0.000,0.000,0.000,0.000,0.000,0.000,
2026/08/24,13:03:18,233.54,236.00,232.55,234.03,0.00,406.54,403.59,403.87,404.67,42.30,33.69,26.58,34.19,15.25,50.01,0.978,0.954,0.954,0.964,0.986,0.962,0.977,0.975,9.69,7.60,5.85,23.14,1.65,2.16,1.28,5.09,9.90,7.95,6.15,24.00,23461,19894,23387,66742,7522,6618,7564,21704,3360,4258,3868,11486,2235,2519,2148,6902,32450,28580,33550,94580,1.959,1.929,1.778,1.954,1.924,1.776,0.134,0.133,0.074,11.133,9.604,22.422,10.539,9.423,16.241,3.586,1.855,15.459,323.861,326.576,322.556,1.386,1.384,1.388,1.563,1.615,1.708,1.337,1.137,1.267,0.385,0.490,17.780,11.761,0.000,240.047,120.111,345.744,224.139,115.277,240.047,240.029,120.111,121.605,109.072,230.150,14.256,15.908,4.834,234.000,236.439,233.007,234.247,0.000,233.226,235.767,231.890,233.977,0.000,407.631,404.156,404.692,405.020,406.098,402.774,403.235,404.493,43.057,34.323,26.677,34.188,16.179,42.079,33.478,25.841,34.065,14.033,50.007,50.002,0.978,0.955,0.966,0.967,0.973,0.950,0.954,0.964,0.986,0.962,0.976,0.975,0.986,0.961,0.976,0.975,9.700,7.612,5.880,23.169,9.679,7.600,5.844,23.139,1.662,2.194,1.309,5.165,1.628,2.160,1.280,5.086,9.928,8.043,6.147,24.017,9.905,7.949,6.066,23.953,14.502,28.100,36.619,26.407,2.828,5.418,6.991,15.238,0.335,1.380,1.318,3.034,2.964,5.677,7.186,15.827,0.000,0.000,0.000,0.000,0.000,0.000,0.000,0.000,0.000,0.000,0.000,0.000,0.000,0.000,0.000,0.000,
2026/08/24,13:03:23,233.24,235.74,232.20,233.79,0.00,406.31,402.80,403.20,404.10,42.67,33.75,26.10,34.14,14.84,50.00,0.975,0.955,0.964,0.963,0.986,0.961,0.977,0.975,9.71,7.58,5.87,23.16,1.65,2.17,1.27,5.10,10.01,7.96,6.06,24.03,23475,19905,23396,66776,7522,6618,7564,21704,3362,4261,3869,11492,2235,2519,2148,6902,32464,28592,33559,94615,2.134,2.120,2.010,2.128,2.119,1.999,0.161,0.070,0.209,17.352,12.148,13.272,13.401,10.350,12.588,11.024,6.360,4.204,323.586,326.310,322.808,1.387,1.384,1.390,1.572,1.648,1.673,1.365,1.153,1.182,0.443,0.461,13.713,14.805,0.000,239.924,120.059,343.143,226.301,108.475,239.924,240.135,120.059,116.842,117.826,234.668,16.857,13.623,11.584,234.022,236.351,232.901,234.074,0.000,233.166,235.705,232.134,233.793,0.000,407.415,404.012,404.779,404.755,406.003,402.696,403.196,404.269,43.232,34.341,26.578,34.188,16.318,42.058,33.472,25.791,34.016,13.940,50.006,49.998,0.979,0.956,0.965,0.967,0.975,0.950,0.954,0.963,0.986,0.962,0.977,0.975,0.986,0.961,0.976,0.975,9.713,7.620,5.865,23.156,9.687,7.580,5.843,23.139,1.662,2.177,1.285,5.119,1.646,2.159,1.268,5.086,10.009,8.045,6.147,24.033,9.896,7.942,6.064,23.924,14.502,28.100,36.619,26.407,2.828,5.418,6.991,15.238,0.335,1.380,1.318,3.034,2.964,5.677,7.186,15.827,0.000,0.000,0.000,0.000,0.000,0.000,0.000,0.000,0.000,0.000,0.000,0.000,0.000,0.000,0.000,0.000,
2026/08/24,13:03:28,233.53,235.94,232.49,234.11,0.00,406.47,403.59,403.63,404.57,42.33,33.92,25.99,34.02,14.72,50.00,0.979,0.953,0.962,0.965,0.986,0.961,0.977,0.975,9.70,7.56,5.86,23.12,1.67,2.19,1.29,5.15,9.92,7.94,6.10,23.97,23486,19914,23402,66802,7522,6618,7564,21704,3364,4263,3871,11498,2235,2519,2148,6902,32476,28601,33566,94643,1.791,1.715,1.515,1.788,1.712,1.510,0.096,0.098,0.117,10.749,17.276,14.466,10.344,11.975,13.031,2.922,12.452,6.280,323.749,326.429,322.902,1.386,1.384,1.390,1.507,1.739,1.672,1.340,1.190,1.194,0.417,0.452,20.459,7.653,0.000,240.047,120.023,348.293,218.021,110.373,240.047,239.994,120.023,130.271,107.490,238.025,11.707,22.025,9.650,233.831,236.145,232.777,234.110,0.000,233.233,235.648,232.165,233.793,0.000,407.120,403.938,404.612,404.820,405.958,402.748,403.097,404.162,43.255,34.133,26.461,34.139,15.966,42.068,33.421,25.837,34.022,13.974,50.000,49.992,0.979,0.955,0.967,0.966,0.972,0.953,0.962,0.963,0.986,0.961,0.977,0.975,0.986,0.961,0.977,0.975,9.721,7.589,5.867,23.168,9.699,7.562,5.857,23.118,1.670,2.192,1.285,5.147,1.647,2.173,1.268,5.096,10.009,7.960,6.101,24.033,9.922,7.942,6.064,23.968,14.502,28.100,36.619,26.407,2.828,5.418,6.991,15.238,0.335,1.380,1.318,3.034,2.964,5.677,7.186,15.827,0.000,0.000,0.000,0.000,0.000,0.000,0.000,0.000,0.000,0.000,0.000,0.000,0.000,0.000,0.000,0.000,
2026/08/24,13:03:33,233.70,235.67,232.74,233.86,0.00,406.36,403.82,404.21,404.80,35.91,33.32,25.99,31.81,9.96,49.99,0.964,0.955,0.966,0.964,0.983,0.961,0.976,0.973,8.16,7.54,5.85,21.55,1.50,2.15,1.29,4.95,8.40,7.89,6.07,22.36,23499,19925,23411,66835,7522,6618,7564,21704,3366,4267,3873,11506,2235,2519,2148,6902,32489,28612,33575,94676,1.774,1.731,1.509,1.770,1.725,1.509,0.111,0.150,0.043,11.781,14.049,14.387,11.083,10.396,13.525,3.994,9.450,4.906,323.677,326.468,323.174,1.387,1.384,1.389,1.497,1.667,1.628,1.424,1.164,1.200,0.341,0.463,13.209,5.308,0.000,240.064,120.129,346.500,219.428,104.660,240.064,240.064,120.129,127.072,115.488,240.469,13.500,20.637,15.469,234.009,236.147,232.882,234.110,0.000,233.173,235.134,232.300,233.863,0.000,407.541,404.328,404.388,404.734,405.920,402.707,403.230,404.395,42.736,33.924,26.532,34.066,15.295,35.405,33.235,25.753,31.810,9.902,49.999,49.990,0.979,0.955,0.966,0.967,0.964,0.948,0.957,0.964,0.986,0.961,0.977,0.975,0.986,0.961,0.976,0.973,9.699,7.562,5.869,23.118,8.164,7.512,5.851,21.554,1.670,2.192,1.309,5.149,1.501,2.154,1.285,4.948,9.922,7.948,6.121,23.968,8.400,7.882,6.068,22.357,14.502,28.100,36.619,26.407,2.828,5.418,6.991,15.238,0.335,1.380,1.318,3.034,2.964,5.677,7.186,15.827,0.000,0.000,0.000,0.000,0.000,0.000,0.000,0.000,0.000,0.000,0.000,0.000,0.000,0.000,0.000,0.000,
2026/08/24,13:03:38,233.50,235.74,232.39,233.75,0.00,406.71,403.31,403.31,404.44,35.45,33.36,26.05,31.76,10.25,49.99,0.971,0.955,0.961,0.965,0.983,0.961,0.976,0.974,8.15,7.52,5.87,21.54,1.51,2.16,1.29,4.96,8.36,7.86,6.11,22.33,23511,19935,23419,66865,7522,6618,7564,21704,3368,4270,3875,11513,2235,2519,2148,6902,32501,28623,33583,94707,1.871,1.768,1.596,1.868,1.765,1.595,0.102,0.096,0.062,12.773,9.657,13.487,11.621,9.428,12.612,5.303,2.094,4.778,323.443,326.255,322.806,1.385,1.384,1.388,1.558,1.613,1.689,1.425,1.135,1.182,0.478,0.355,10.396,8.116,0.000,239.836,119.918,348.557,226.248,106.646,239.836,240.082,119.918,122.309,119.602,241.910,11.443,13.588,13.271,233.813,236.000,232.815,234.026,0.000,233.221,235.429,232.139,233.725,0.000,407.261,403.909,404.466,404.801,405.770,402.703,402.701,404.212,36.501,33.976,26.507,31.946,11.579,35.278,33.156,25.912,31.758,9.864,49.996,49.986,0.974,0.955,0.966,0.966,0.964,0.952,0.961,0.961,0.983,0.962,0.977,0.974,0.983,0.961,0.976,0.973,8.170,7.539,5.880,21.569,8.147,7.511,5.851,21.537,1.516,2.165,1.305,4.986,1.501,2.146,1.294,4.948,8.436,7.899,6.106,22.426,8.362,7.861,6.069,22.329,14.502,28.100,36.619,26.407,2.828,5.418,6.991,15.238,0.335,1.380,1.318,3.034,2.964,5.677,7.186,15.827,0.000,0.000,0.000,0.000,0.000,0.000,0.000,0.000,0.000,0.000,0.000,0.000,0.000,0.000,0.000,0.000,
2026/08/24,13:03:43,233.84,235.90,232.70,233.96,0.00,407.29,403.94,403.80,405.01,36.30,33.51,26.31,31.89,12.05,49.99,0.972,0.952,0.966,0.963,0.983,0.960,0.976,0.973,8.17,7.51,5.88,21.56,1.50,2.17,1.32,4.99,8.40,7.91,6.09,22.39,23520,19944,23426,66890,7522,6618,7564,21704,3370,4272,3876,11518,2235,2519,2148,6902,32511,28632,33590,94733,1.794,1.699,1.507,1.789,1.694,1.498,0.130,0.118,0.164,17.065,16.655,17.395,13.596,11.696,14.489,10.313,11.857,9.625,323.759,326.397,323.360,1.387,1.384,1.390,1.586,1.704,1.738,1.450,1.185,1.215,0.503,0.328,11.422,8.414,0.000,239.766,119.883,351.949,227.777,104.203,239.766,240.047,119.883,124.172,123.768,249.469,8.051,11.988,15.680,234.049,236.145,232.953,233.957,0.000,233.299,235.507,232.286,233.754,0.000,407.647,404.145,404.623,404.627,406.223,403.018,403.106,404.291,36.442,33.966,26.490,31.888,13.136,35.483,33.115,25.907,31.700,9.894,49.989,49.981,0.975,0.956,0.966,0.965,0.971,0.951,0.961,0.963,0.984,0.961,0.976,0.974,0.983,0.960,0.976,0.973,8.174,7.523,5.875,21.558,8.147,7.491,5.863,21.515,1.524,2.176,1.320,4.991,1.493,2.152,1.292,4.943,8.402,7.906,6.106,22.393,8.361,7.861,6.074,22.304,14.502,28.100,36.619,26.407,2.828,5.418,6.991,15.238,0.335,1.380,1.318,3.034,2.964,5.677,7.186,15.827,0.000,0.000,0.000,0.000,0.000,0.000,0.000,0.000,0.000,0.000,0.000,0.000,0.000,0.000,0.000,0.000,
2026/08/24,13:03:48,233.69,235.62,232.74,234.04,0.00,406.56,403.38,404.38,404.77,36.07,33.27,26.27,31.85,10.52,50.00,0.974,0.954,0.955,0.962,0.984,0.961,0.976,0.973,8.19,7.50,5.88,21.58,1.51,2.17,1.31,4.98,8.43,7.86,6.14,22.44,23532,19954,23434,66920,7522,6618,7564,21704,3372,4275,3878,11525,2235,2519,2148,6902,32523,28643,33599,94765,2.012,1.940,1.757,2.009,1.934,1.748,0.108,0.142,0.174,11.863,17.078,17.805,11.380,11.853,14.566,3.348,12.295,10.240,323.796,326.343,323.514,1.386,1.384,1.390,1.508,1.712,1.697,1.397,1.188,1.214,0.351,0.487,7.786,12.546,0.000,239.941,120.217,346.184,229.131,99.387,239.941,240.275,120.217,117.053,129.727,248.396,13.816,10.811,20.830,234.068,236.130,233.033,234.239,0.000,233.427,235.599,232.418,233.957,0.000,407.408,404.188,404.978,405.092,406.390,403.141,403.262,404.752,36.422,33.861,26.778,31.905,12.100,35.622,33.127,26.025,31.807,9.816,50.004,49.989,0.975,0.955,0.966,0.965,0.969,0.949,0.955,0.962,0.983,0.961,0.976,0.974,0.983,0.960,0.976,0.973,8.193,7.550,5.896,21.623,8.174,7.500,5.875,21.558,1.522,2.188,1.320,5.012,1.501,2.163,1.307,4.985,8.443,7.931,6.179,22.487,8.381,7.860,6.086,22.386,14.502,28.100,36.619,26.407,2.828,5.418,6.991,15.238,0.335,1.380,1.318,3.034,2.964,5.677,7.186,15.827,0.000,0.000,0.000,0.000,0.000,0.000,0.000,0.000,0.000,0.000,0.000,0.000,0.000,0.000,0.000,0.000,
2026/08/24,13:03:53,233.92,235.99,232.82,234.22,0.00,407.11,403.97,404.29,405.12,35.95,32.95,25.98,31.65,10.37,50.01,0.974,0.954,0.963,0.964,0.983,0.959,0.976,0.973,8.16,7.43,5.85,21.44,1.50,2.18,1.30,4.98,8.41,7.79,6.06,22.25,23546,19967,23444,66957,7522,6618,7564,21704,3375,4279,3880,11534,2235,2519,2148,6902,32537,28657,33609,94803,1.870,1.779,1.622,1.870,1.778,1.616,0.042,0.024,0.132,16.300,9.923,12.976,13.519,9.580,12.827,9.107,2.585,1.959,324.105,326.809,323.915,1.386,1.385,1.391,1.600,1.596,1.625,1.431,1.144,1.185,0.394,0.398,9.274,9.897,0.000,239.924,120.041,343.705,225.211,108.193,239.924,240.117,120.041,118.494,117.018,235.512,16.295,14.713,11.848,234.397,236.299,233.285,234.595,0.000,233.538,235.646,232.465,234.043,0.000,407.756,404.748,405.146,405.777,406.374,403.195,403.619,404.794,36.415,33.764,26.590,32.059,11.233,35.466,32.795,25.830,31.597,9.708,50.016,50.001,0.975,0.954,0.965,0.965,0.968,0.948,0.955,0.958,0.984,0.961,0.976,0.973,0.983,0.960,0.976,0.973,8.193,7.500,5.888,21.578,8.165,7.431,5.846,21.442,1.531,2.189,1.313,5.033,1.497,2.156,1.296,4.966,8.439,7.907,6.144,22.490,8.379,7.787,6.055,22.252,14.502,28.100,36.619,26.407,2.828,5.418,6.991,15.238,0.335,1.380,1.318,3.034,2.964,5.677,7.186,15.827,0.000,0.000,0.000,0.000,0.000,0.000,0.000,0.000,0.000,0.000,0.000,0.000,0.000,0.000,0.000,0.000,
2026/08/24,13:03:58,233.95,236.17,232.88,234.17,0.00,407.18,404.19,404.30,405.23,35.73,32.83,26.24,31.56,11.21,50.01,0.974,0.953,0.959,0.960,0.983,0.959,0.976,0.973,8.12,7.38,5.83,21.33,1.50,2.18,1.31,4.99,8.35,7.75,6.11,22.22,23557,19978,23452,66987,7522,6618,7564,21704,3377,4282,3882,11541,2235,2519,2148,6902,32549,28668,33618,94835,1.966,1.939,1.762,1.965,1.931,1.759,0.052,0.179,0.107,13.593,11.364,21.363,12.418,9.789,16.112,5.527,5.772,14.027,324.236,326.794,323.413,1.386,1.385,1.390,1.520,1.642,1.780,1.404,1.154,1.236,0.408,0.404,9.386,9.215,0.000,239.977,120.006,344.479,224.332,104.467,239.977,240.047,120.006,120.146,119.742,240.328,15.521,15.645,15.539,234.204,236.166,233.127,234.219,0.000,233.517,235.645,232.499,233.917,0.000,407.626,404.308,404.961,405.057,406.401,403.279,403.455,404.549,36.255,33.455,26.538,31.695,14.114,35.358,32.614,25.749,31.557,9.733,50.016,50.006,0.976,0.954,0.966,0.964,0.970,0.944,0.957,0.960,0.984,0.960,0.976,0.973,0.983,0.959,0.976,0.973,8.165,7.431,5.846,21.442,8.122,7.372,5.828,21.332,1.503,2.181,1.307,4.989,1.496,2.158,1.291,4.949,8.409,7.810,6.111,22.252,8.337,7.730,6.055,22.125,14.502,28.100,36.619,26.407,2.828,5.418,6.991,15.238,0.335,1.380,1.318,3.034,2.964,5.677,7.186,15.827,0.000,0.000,0.000,0.000,0.000,0.000,0.000,0.000,0.000,0.000,0.000,0.000,0.000,0.000,0.000,0.000,
2026/08/24,13:04:03,233.87,235.99,232.80,234.17,0.00,407.25,403.66,404.30,405.07,35.59,32.88,25.93,31.46,10.13,50.02,0.973,0.952,0.965,0.965,0.983,0.959,0.975,0.973,8.12,7.42,5.82,21.36,1.51,2.19,1.31,5.00,8.34,7.77,6.03,22.14,23569,19988,23461,67018,7522,6618,7564,21704,3379,4285,3884,11548,2235,2519,2148,6902,32561,28679,33627,94867,1.779,1.704,1.509,1.778,1.703,1.507,0.056,0.059,0.084,12.582,9.714,12.704,11.763,9.227,12.578,4.466,3.038,1.782,324.372,326.994,323.681,1.388,1.386,1.390,1.547,1.575,1.603,1.410,1.147,1.184,0.425,0.424,9.431,9.341,0.000,239.836,120.076,343.775,224.297,106.646,239.836,240.240,120.076,119.479,117.650,237.129,16.225,15.539,13.430,234.432,236.482,233.275,234.258,0.000,233.632,235.765,232.497,234.048,0.000,408.234,404.759,405.379,405.372,406.454,403.383,403.634,404.786,36.083,33.313,26.423,31.582,11.465,35.343,32.608,25.675,31.461,9.910,50.018,50.004,0.975,0.953,0.965,0.965,0.972,0.946,0.953,0.960,0.983,0.959,0.976,0.973,0.983,0.959,0.975,0.972,8.142,7.416,5.830,21.362,8.119,7.383,5.823,21.333,1.518,2.188,1.307,5.003,1.502,2.172,1.306,4.989,8.387,7.800,6.111,22.262,8.335,7.753,6.035,22.144,14.502,28.100,36.619,26.407,2.828,5.418,6.991,15.238,0.335,1.380,1.318,3.034,2.964,5.677,7.186,15.827,0.000,0.000,0.000,0.000,0.000,0.000,0.000,0.000,0.000,0.000,0.000,0.000,0.000,0.000,0.000,0.000,
2026/08/24,13:04:08,234.01,236.03,232.85,234.28,0.00,407.12,403.86,404.72,405.23,35.77,33.03,25.94,31.55,10.98,50.04,0.975,0.953,0.963,0.964,0.983,0.961,0.976,0.973,8.13,7.44,5.82,21.38,1.51,2.15,1.29,4.95,8.34,7.80,6.04,22.18,23580,19999,23469,67048,7522,6618,7564,21704,3381,4288,3886,11555,2235,2519,2148,6902,32573,28690,33635,94898,1.952,1.841,1.681,1.949,1.834,1.676,0.107,0.156,0.129,13.391,10.828,16.025,11.906,9.538,14.371,6.129,5.125,7.090,324.402,326.976,323.791,1.386,1.386,1.392,1.555,1.687,1.698,1.408,1.142,1.213,0.337,0.466,9.158,10.365,0.000,239.977,120.199,343.512,225.703,109.160,239.977,240.223,120.199,117.809,116.543,234.352,16.488,14.273,11.039,234.283,236.260,233.156,234.431,0.000,233.613,235.195,232.494,234.080,0.000,407.583,404.527,405.454,405.468,406.348,403.129,403.839,404.870,36.304,33.264,26.192,31.688,12.217,35.227,32.772,25.618,31.389,9.754,50.044,50.018,0.975,0.954,0.965,0.965,0.969,0.950,0.962,0.960,0.983,0.961,0.976,0.973,0.983,0.959,0.975,0.973,8.126,7.440,5.830,21.384,8.107,7.416,5.806,21.335,1.522,2.188,1.306,5.005,1.502,2.149,1.294,4.953,8.386,7.814,6.066,22.245,8.320,7.770,6.024,22.134,14.502,28.100,36.619,26.407,2.828,5.418,6.991,15.238,0.335,1.380,1.318,3.034,2.964,5.677,7.186,15.827,0.000,0.000,0.000,0.000,0.000,0.000,0.000,0.000,0.000,0.000,0.000,0.000,0.000,0.000,0.000,0.000,
2026/08/24,13:04:13,233.59,235.59,232.52,233.98,0.00,406.37,403.17,404.10,404.55,35.66,32.99,26.10,31.59,12.63,50.04,0.973,0.949,0.964,0.962,0.983,0.961,0.976,0.973,8.14,7.43,5.80,21.37,1.49,2.14,1.29,4.93,8.34,7.84,6.03,22.21,23590,20007,23475,67072,7522,6618,7564,21704,3383,4291,3887,11561,2235,2519,2148,6902,32582,28699,33642,94923,2.003,1.862,1.704,1.999,1.859,1.690,0.124,0.107,0.220,12.639,11.356,18.672,11.271,9.389,14.671,5.720,6.388,11.549,323.880,326.420,323.635,1.386,1.383,1.391,1.527,1.627,1.725,1.406,1.150,1.226,0.320,0.464,13.631,7.187,0.000,239.977,120.217,346.852,222.311,113.291,239.977,240.240,120.217,124.330,109.020,233.350,13.148,17.666,6.926,234.114,236.203,233.032,234.279,0.000,233.428,235.487,232.352,233.948,0.000,407.226,404.169,405.130,405.257,406.036,402.924,403.650,404.609,36.245,33.508,26.222,31.633,12.635,35.398,32.885,25.616,31.546,9.933,50.044,50.041,0.975,0.955,0.964,0.964,0.969,0.949,0.962,0.961,0.984,0.961,0.976,0.974,0.983,0.961,0.976,0.973,8.141,7.450,5.818,21.388,8.120,7.434,5.800,21.375,1.507,2.153,1.302,4.953,1.482,2.135,1.288,4.911,8.390,7.843,6.054,22.234,8.338,7.798,6.022,22.182,14.502,28.100,36.619,26.407,2.828,5.418,6.991,15.238,0.335,1.380,1.318,3.034,2.964,5.677,7.186,15.827,0.000,0.000,0.000,0.000,0.000,0.000,0.000,0.000,0.000,0.000,0.000,0.000,0.000,0.000,0.000,0.000,
2026/08/24,13:04:18,233.64,235.78,232.63,233.82,0.00,406.43,403.38,404.31,404.71,41.75,33.32,25.84,31.53,14.92,50.03,0.973,0.954,0.962,0.965,0.984,0.962,0.976,0.974,8.16,7.45,5.79,21.40,1.49,2.13,1.28,4.89,8.37,7.80,6.02,22.19,23599,20016,23482,67097,7522,6618,7564,21704,3385,4293,3889,11567,2235,2519,2148,6902,32592,28708,33649,94949,2.080,2.007,1.877,2.073,2.003,1.875,0.175,0.133,0.066,9.996,12.049,15.027,9.801,9.787,13.491,1.964,7.029,6.618,324.056,326.223,323.105,1.387,1.384,1.389,1.534,1.643,1.690,1.308,1.154,1.196,0.303,0.504,14.753,12.850,0.000,240.047,120.252,345.059,222.592,103.113,240.047,240.205,120.252,122.467,119.479,241.945,14.941,17.455,17.139,234.094,236.003,233.008,233.982,0.000,232.653,235.341,232.065,233.823,0.000,406.994,404.134,405.094,404.659,405.658,402.276,403.435,404.398,77.077,33.435,26.234,31.594,28.565,35.433,32.917,25.528,31.450,10.391,50.041,50.032,0.976,0.954,0.964,0.965,0.973,0.949,0.959,0.962,0.984,0.962,0.976,0.974,0.983,0.961,0.976,0.973,8.156,7.452,5.800,21.402,8.134,7.434,5.789,21.375,1.495,2.144,1.291,4.930,1.487,2.125,1.274,4.891,8.372,7.843,6.057,22.213,8.338,7.788,6.012,22.157,14.502,28.100,36.619,26.407,2.828,5.418,6.991,15.238,0.335,1.380,1.318,3.034,2.964,5.677,7.186,15.827,0.000,0.000,0.000,0.000,0.000,0.000,0.000,0.000,0.000,0.000,0.000,0.000,0.000,0.000,0.000,0.000,
2026/08/24,13:04:23,233.56,235.78,232.55,234.03,0.00,406.44,403.28,404.00,404.57,43.65,33.12,26.22,34.21,15.71,50.03,0.973,0.954,0.963,0.965,0.981,0.961,0.976,0.973,9.80,7.49,5.83,23.12,1.93,2.16,1.28,5.38,10.05,7.86,6.06,23.97,23615,20029,23492,67136,7522,6618,7564,21704,3388,4297,3891,11576,2235,2519,2148,6902,32609,28721,33659,94989,1.807,1.708,1.510,1.803,1.707,1.509,0.122,0.068,0.064,17.050,11.432,20.312,12.353,9.782,15.333,11.751,5.915,13.322,324.097,326.592,323.095,1.387,1.384,1.389,1.571,1.602,1.711,1.341,1.155,1.241,0.363,0.491,12.668,16.795,0.000,240.012,120.164,341.912,225.773,102.393,240.012,240.188,120.164,116.139,123.381,238.553,18.088,14.238,17.771,234.037,236.221,232.894,234.347,0.000,233.194,235.505,232.156,233.823,0.000,407.411,404.015,404.817,405.223,405.915,402.977,403.444,404.385,43.928,33.715,26.558,34.212,16.179,41.569,33.022,25.710,31.531,14.688,50.034,50.024,0.973,0.954,0.965,0.965,0.968,0.949,0.962,0.963,0.984,0.962,0.977,0.974,0.978,0.960,0.976,0.972,9.798,7.493,5.835,23.121,8.156,7.452,5.794,21.402,2.002,2.177,1.289,5.427,1.491,2.129,1.272,4.895,10.045,7.884,6.064,23.970,8.372,7.797,6.020,22.189,14.502,28.100,36.619,26.407,2.828,5.418,6.991,15.238,0.335,1.380,1.318,3.034,2.964,5.677,7.186,15.827,0.000,0.000,0.000,0.000,0.000,0.000,0.000,0.000,0.000,0.000,0.000,0.000,0.000,0.000,0.000,0.000,
2026/08/24,13:04:28,233.54,235.78,232.42,234.15,0.00,406.24,403.36,403.83,404.48,43.59,32.85,26.13,34.31,16.00,50.03,0.975,0.954,0.967,0.965,0.982,0.960,0.976,0.974,9.95,7.44,5.86,23.25,1.91,2.16,1.29,5.36,10.23,7.80,6.06,24.09,23629,20039,23500,67168,7522,6618,7564,21704,3391,4300,3893,11584,2235,2519,2148,6902,32623,28732,33668,95023,1.762,1.679,1.523,1.758,1.679,1.519,0.112,0.035,0.112,11.799,11.382,15.492,10.149,9.674,13.512,6.019,5.996,7.579,323.777,326.513,322.903,1.385,1.385,1.389,1.605,1.600,1.693,1.295,1.148,1.202,0.336,0.485,14.718,15.572,0.000,240.100,120.146,346.482,225.510,102.762,240.100,240.082,120.146,120.973,122.695,243.457,13.518,14.590,17.385,233.945,236.311,232.872,234.154,0.000,233.313,235.582,232.232,233.809,0.000,407.243,404.143,404.701,404.963,405.986,402.866,403.338,404.307,44.064,33.641,26.521,34.397,16.716,43.051,32.853,25.827,34.212,15.145,50.029,50.024,0.976,0.954,0.967,0.965,0.969,0.947,0.956,0.960,0.982,0.961,0.977,0.974,0.981,0.960,0.976,0.973,9.955,7.492,5.856,23.249,9.798,7.439,5.832,23.121,1.935,2.171,1.290,5.381,1.881,2.141,1.278,5.299,10.232,7.869,6.118,24.117,10.045,7.796,6.054,23.970,14.502,28.100,36.619,26.407,2.828,5.418,6.991,15.238,0.335,1.380,1.318,3.034,2.964,5.677,7.186,15.827,0.000,0.000,0.000,0.000,0.000,0.000,0.000,0.000,0.000,0.000,0.000,0.000,0.000,0.000,0.000,0.000,
2026/08/24,13:04:33,233.22,236.11,232.62,233.81,0.00,405.97,403.26,404.09,404.44,43.96,33.03,26.33,34.28,16.44,50.03,0.975,0.951,0.967,0.966,0.983,0.961,0.977,0.974,9.99,7.44,5.88,23.30,1.87,2.15,1.27,5.30,10.23,7.81,6.07,24.12,23643,20050,23509,67202,7522,6618,7564,21704,3393,4303,3894,11590,2235,2519,2148,6902,32638,28743,33676,95057,2.060,1.986,1.727,2.058,1.974,1.724,0.090,0.219,0.104,11.403,13.012,15.898,10.373,10.414,13.889,4.736,7.802,7.736,323.577,326.793,323.219,1.387,1.384,1.390,1.566,1.620,1.705,1.295,1.156,1.203,0.276,0.613,20.009,11.293,0.000,240.240,120.322,350.789,219.551,104.379,240.240,240.082,120.322,131.238,115.436,246.199,9.211,20.689,15.943,233.999,236.277,232.836,234.154,0.000,232.909,235.578,232.228,233.739,0.000,407.250,403.903,404.793,404.404,405.666,402.586,403.471,404.203,44.543,33.423,26.407,34.366,16.787,43.345,32.760,25.864,34.259,15.386,50.035,50.025,0.977,0.954,0.968,0.967,0.970,0.950,0.962,0.962,0.983,0.960,0.977,0.974,0.982,0.960,0.976,0.974,9.991,7.439,5.875,23.303,9.951,7.406,5.856,23.221,1.912,2.161,1.290,5.363,1.860,2.146,1.266,5.282,10.278,7.822,6.078,24.129,10.218,7.764,6.060,24.049,14.502,28.100,36.619,26.407,2.828,5.418,6.991,15.238,0.335,1.380,1.318,3.034,2.964,5.677,7.186,15.827,0.000,0.000,0.000,0.000,0.000,0.000,0.000,0.000,0.000,0.000,0.000,0.000,0.000,0.000,0.000,0.000,
2026/08/24,13:04:38,233.70,236.04,232.64,233.98,0.00,406.53,403.52,404.48,404.84,43.97,33.44,25.93,34.51,15.15,50.05,0.977,0.955,0.960,0.965,0.983,0.960,0.977,0.974,9.99,7.50,5.87,23.36,1.87,2.18,1.28,5.32,10.24,7.86,6.12,24.21,23658,20060,23517,67235,7522,6618,7564,21704,3396,4306,3896,11598,2235,2519,2148,6902,32652,28755,33685,95092,1.863,1.763,1.610,1.859,1.759,1.604,0.109,0.115,0.144,9.145,13.947,15.108,8.994,10.941,13.337,1.651,8.650,7.099,323.942,326.886,323.323,1.385,1.385,1.391,1.495,1.666,1.700,1.281,1.164,1.188,0.296,0.579,18.376,11.819,0.000,240.135,120.305,347.924,222.908,109.723,240.135,240.170,120.305,125.016,113.186,238.201,12.076,17.227,10.582,234.074,236.457,232.928,234.159,0.000,233.000,235.488,232.115,233.806,0.000,407.379,403.963,405.132,404.873,405.249,402.540,403.192,404.369,44.483,33.579,26.542,34.522,17.954,43.326,32.974,25.931,34.284,15.108,50.046,50.035,0.977,0.955,0.967,0.966,0.974,0.951,0.958,0.963,0.983,0.961,0.978,0.975,0.983,0.960,0.977,0.974,9.999,7.503,5.878,23.360,9.986,7.439,5.867,23.303,1.874,2.188,1.278,5.325,1.842,2.149,1.256,5.266,10.281,7.862,6.124,24.234,10.226,7.811,6.075,24.118,14.502,28.100,36.619,26.407,2.828,5.418,6.991,15.238,0.335,1.380,1.318,3.034,2.964,5.677,7.186,15.827,0.000,0.000,0.000,0.000,0.000,0.000,0.000,0.000,0.000,0.000,0.000,0.000,0.000,0.000,0.000,0.000,
2026/08/24,13:04:43,233.54,236.08,232.58,233.95,0.00,406.58,403.15,404.33,404.69,43.99,33.36,26.37,34.61,15.77,50.05,0.977,0.953,0.965,0.964,0.983,0.961,0.977,0.974,10.03,7.53,5.89,23.45,1.84,2.17,1.26,5.27,10.27,7.92,6.13,24.33,23672,20071,23525,67268,7522,6618,7564,21704,3399,4309,3898,11606,2235,2519,2148,6902,32667,28766,33694,95127,1.848,1.761,1.564,1.846,1.760,1.563,0.097,0.058,0.062,11.580,12.297,19.350,10.223,10.324,14.864,5.441,6.682,12.388,323.368,326.522,323.074,1.385,1.383,1.391,1.548,1.623,1.708,1.301,1.149,1.224,0.318,0.595,14.791,16.009,0.000,240.064,120.322,347.484,225.668,101.092,240.064,240.258,120.322,122.678,124.576,247.254,12.516,14.396,19.230,234.115,236.717,233.156,234.383,0.000,232.841,235.549,232.150,233.601,0.000,407.465,404.358,405.324,405.274,405.381,402.548,403.184,403.893,44.432,33.907,26.548,34.606,16.637,43.427,33.163,25.897,34.421,15.116,50.050,50.043,0.977,0.955,0.967,0.968,0.975,0.950,0.960,0.963,0.984,0.961,0.977,0.975,0.983,0.960,0.977,0.974,10.031,7.535,5.887,23.452,9.986,7.503,5.870,23.359,1.881,2.190,1.278,5.345,1.825,2.138,1.257,5.227,10.286,7.929,6.133,24.327,10.235,7.862,6.077,24.207,14.502,28.100,36.619,26.407,2.828,5.418,6.991,15.238,0.335,1.380,1.318,3.034,2.964,5.677,7.186,15.827,0.000,0.000,0.000,0.000,0.000,0.000,0.000,0.000,0.000,0.000,0.000,0.000,0.000,0.000,0.000,0.000,
2026/08/24,13:04:48,233.26,235.91,232.36,234.12,0.00,406.47,402.86,403.40,404.24,44.26,33.76,26.56,34.84,16.94,50.05,0.975,0.952,0.967,0.967,0.983,0.962,0.978,0.975,10.08,7.61,5.93,23.62,1.86,2.15,1.27,5.28,10.32,7.96,6.15,24.42,23686,20082,23534,67302,7522,6618,7564,21704,3401,4312,3900,11613,2235,2519,2148,6902,32682,28777,33703,95162,1.879,1.826,1.651,1.874,1.824,1.643,0.141,0.085,0.169,10.842,12.289,16.657,9.942,9.695,14.172,4.325,7.551,8.752,323.430,326.904,322.794,1.387,1.383,1.388,1.540,1.683,1.698,1.288,1.147,1.204,0.426,0.465,13.333,16.684,0.000,239.924,120.076,345.252,228.445,105.715,239.924,240.188,120.076,116.104,122.695,238.799,14.748,11.479,14.361,234.073,236.705,233.115,234.246,0.000,233.196,235.786,232.311,233.954,0.000,407.540,404.156,405.217,405.027,405.768,402.594,403.397,404.488,44.656,34.013,26.807,34.842,16.937,43.724,33.277,26.070,34.606,15.296,50.048,50.044,0.977,0.956,0.968,0.967,0.974,0.952,0.957,0.964,0.984,0.961,0.978,0.975,0.983,0.961,0.977,0.974,10.083,7.607,5.931,23.616,10.031,7.534,5.887,23.452,1.876,2.185,1.288,5.337,1.826,2.147,1.257,5.251,10.355,7.969,6.168,24.436,10.273,7.899,6.120,24.327,14.502,28.100,36.619,26.407,2.828,5.418,6.991,15.238,0.335,1.380,1.318,3.034,2.964,5.677,7.186,15.827,0.000,0.000,0.000,0.000,0.000,0.000,0.000,0.000,0.000,0.000,0.000,0.000,0.000,0.000,0.000,0.000,
2026/08/24,13:04:53,233.37,235.66,232.36,233.92,0.00,406.17,402.84,403.84,404.28,37.85,33.94,26.29,34.82,12.68,50.04,0.976,0.955,0.962,0.965,0.983,0.962,0.978,0.975,10.08,7.64,5.92,23.64,1.85,2.15,1.27,5.27,10.37,7.98,6.15,24.50,23698,20090,23541,67329,7522,6618,7564,21704,3403,4315,3901,11619,2235,2519,2148,6902,32693,28786,33710,95189,1.924,1.853,1.722,1.921,1.847,1.708,0.110,0.141,0.222,11.658,13.854,12.646,10.215,10.881,12.539,5.619,8.576,1.639,323.546,326.197,322.446,1.386,1.384,1.388,1.570,1.683,1.622,1.340,1.157,1.178,0.342,0.530,14.679,6.703,0.000,240.012,120.252,349.418,221.660,105.943,240.012,240.240,120.252,127.758,116.789,243.844,10.582,18.352,14.309,233.941,236.432,232.980,234.124,0.000,233.136,235.601,232.198,233.861,0.000,407.008,404.045,405.011,404.639,405.539,402.627,403.467,404.266,44.784,34.316,26.738,34.940,17.948,37.654,33.579,25.968,34.705,12.682,50.046,50.035,0.978,0.957,0.967,0.968,0.975,0.952,0.962,0.964,0.983,0.963,0.978,0.975,0.983,0.962,0.977,0.975,10.097,7.640,5.943,23.671,10.078,7.607,5.922,23.616,1.871,2.179,1.277,5.327,1.850,2.142,1.260,5.254,10.371,8.040,6.168,24.534,10.315,7.963,6.145,24.424,14.502,28.100,36.619,26.407,2.828,5.418,6.991,15.238,0.335,1.380,1.318,3.034,2.964,5.677,7.186,15.827,0.000,0.000,0.000,0.000,0.000,0.000,0.000,0.000,0.000,0.000,0.000,0.000,0.000,0.000,0.000,0.000,
2026/08/24,13:04:58,233.41,235.71,232.47,233.59,0.00,405.96,403.05,404.19,404.40,38.61,34.00,26.28,32.68,11.41,50.03,0.972,0.957,0.960,0.965,0.981,0.965,0.977,0.974,8.62,7.63,5.90,22.15,1.71,2.06,1.27,5.05,8.84,7.95,6.17,22.96,23710,20101,23549,67360,7522,6618,7564,21704,3406,4318,3903,11627,2235,2519,2148,6902,32706,28798,33718,95222,1.937,1.862,1.668,1.928,1.861,1.666,0.184,0.060,0.089,16.434,9.646,13.948,12.793,9.181,13.069,10.316,2.961,4.874,323.514,326.279,322.880,1.386,1.385,1.389,1.627,1.600,1.627,1.363,1.128,1.193,0.273,0.599,11.109,9.958,0.000,240.152,120.357,347.607,226.617,107.525,240.152,240.205,120.357,120.990,119.092,240.082,12.393,13.535,12.832,234.142,236.179,232.944,234.058,0.000,233.244,234.753,232.172,233.594,0.000,407.325,403.810,405.153,404.725,405.683,402.674,403.293,404.172,38.818,34.228,26.743,34.817,12.618,37.405,33.608,26.053,32.623,11.030,50.041,50.033,0.976,0.957,0.966,0.965,0.963,0.952,0.960,0.960,0.983,0.963,0.978,0.975,0.981,0.962,0.977,0.974,10.078,7.650,5.922,23.639,8.622,7.626,5.904,22.154,1.853,2.149,1.274,5.275,1.685,2.063,1.262,5.050,10.371,8.029,6.167,24.500,8.841,7.948,6.104,22.956,14.502,28.100,36.619,26.407,2.828,5.418,6.991,15.238,0.335,1.380,1.318,3.034,2.964,5.677,7.186,15.827,0.000,0.000,0.000,0.000,0.000,0.000,0.000,0.000,0.000,0.000,0.000,0.000,0.000,0.000,0.000,0.000,
2026/08/24,13:05:03,233.96,236.22,232.94,233.97,0.00,406.94,403.86,405.07,405.29,37.79,34.00,26.15,32.71,11.42,50.04,0.970,0.954,0.964,0.965,0.981,0.963,0.977,0.974,8.63,7.68,5.88,22.19,1.69,2.14,1.27,5.10,8.85,8.02,6.12,22.99,23720,20110,23556,67386,7522,6618,7564,21704,3408,4320,3905,11633,2235,2519,2148,6902,32716,28807,33725,95248,1.828,1.760,1.584,1.825,1.754,1.580,0.102,0.142,0.109,9.481,9.242,14.241,9.389,8.789,13.042,1.317,2.859,5.719,324.264,327.289,323.745,1.386,1.385,1.390,1.483,1.605,1.685,1.336,1.124,1.189,0.273,0.584,11.656,9.815,0.000,240.117,120.357,345.076,223.910,106.594,240.117,240.240,120.357,121.166,117.316,238.482,14.924,16.207,13.764,234.225,236.614,233.170,234.094,0.000,233.264,235.622,232.226,233.594,0.000,407.637,404.789,405.237,404.769,405.881,402.677,403.659,404.460,38.474,34.439,26.503,32.711,13.205,37.603,33.742,25.990,32.614,11.113,50.045,50.033,0.972,0.957,0.968,0.965,0.969,0.954,0.960,0.965,0.981,0.965,0.977,0.974,0.981,0.963,0.977,0.973,8.634,7.678,5.904,22.211,8.622,7.627,5.884,22.154,1.716,2.152,1.274,5.136,1.687,2.063,1.268,5.050,8.861,8.055,6.167,23.013,8.841,7.948,6.098,22.956,14.502,28.100,36.619,26.407,2.828,5.418,6.991,15.238,0.335,1.380,1.318,3.034,2.964,5.677,7.186,15.827,0.000,0.000,0.000,0.000,0.000,0.000,0.000,0.000,0.000,0.000,0.000,0.000,0.000,0.000,0.000,0.000,
2026/08/24,13:05:08,233.77,236.08,232.59,234.13,0.00,406.70,403.39,404.57,404.89,38.32,34.24,26.50,32.81,11.72,50.05,0.972,0.955,0.966,0.966,0.981,0.964,0.978,0.974,8.65,7.73,5.89,22.27,1.69,2.13,1.27,5.09,8.88,8.08,6.09,23.05,23735,20123,23566,67424,7522,6618,7564,21704,3411,4324,3907,11642,2235,2519,2148,6902,32732,28820,33736,95288,1.852,1.750,1.564,1.850,1.749,1.555,0.103,0.032,0.174,13.788,13.113,15.836,10.971,10.328,13.331,8.352,8.080,8.547,323.933,326.354,323.123,1.386,1.386,1.389,1.604,1.693,1.713,1.367,1.146,1.185,0.277,0.565,11.132,11.358,0.000,240.100,120.340,342.650,224.455,109.160,240.100,240.240,120.340,117.914,115.295,233.209,17.350,15.645,11.180,234.124,236.450,233.050,234.441,0.000,233.035,235.095,232.149,233.974,0.000,407.475,404.198,405.165,405.349,405.480,402.642,403.365,404.793,38.767,34.528,26.567,32.871,12.124,37.659,33.778,25.928,32.711,11.172,50.049,50.045,0.975,0.956,0.966,0.966,0.970,0.954,0.964,0.965,0.981,0.963,0.977,0.974,0.981,0.963,0.977,0.973,8.665,7.728,5.895,22.278,8.633,7.676,5.882,22.193,1.717,2.163,1.290,5.165,1.687,2.135,1.272,5.095,8.921,8.075,6.123,23.078,8.852,8.018,6.092,22.994,14.502,28.100,36.619,26.407,2.828,5.418,6.991,15.238,0.335,1.380,1.318,3.034,2.964,5.677,7.186,15.827,0.000,0.000,0.000,0.000,0.000,0.000,0.000,0.000,0.000,0.000,0.000,0.000,0.000,0.000,0.000,0.000,
2026/08/24,13:05:13,233.42,235.79,232.37,234.20,0.00,406.07,403.00,404.03,404.37,38.36,34.37,26.36,32.89,12.56,50.05,0.974,0.959,0.967,0.967,0.981,0.964,0.977,0.974,8.67,7.74,5.89,22.29,1.71,2.13,1.26,5.11,8.90,8.07,6.09,23.06,23745,20132,23572,67449,7522,6618,7564,21704,3413,4326,3908,11647,2235,2519,2148,6902,32742,28830,33743,95315,1.846,1.742,1.542,1.842,1.741,1.540,0.132,0.051,0.066,17.047,9.421,16.967,12.532,8.724,14.172,11.557,3.557,9.330,323.757,326.609,322.582,1.385,1.385,1.388,1.550,1.660,1.730,1.372,1.127,1.213,0.294,0.585,17.232,6.489,0.000,240.135,120.322,353.883,221.238,102.955,240.135,240.188,120.322,132.645,118.652,251.262,6.117,18.896,17.367,234.012,236.409,232.903,234.201,0.000,233.174,235.543,232.199,233.816,0.000,407.459,404.264,405.070,404.921,405.604,402.667,403.586,404.332,38.749,34.582,26.510,32.905,12.767,37.666,33.937,25.959,32.808,11.303,50.049,50.048,0.974,0.959,0.967,0.967,0.972,0.955,0.964,0.966,0.981,0.964,0.978,0.974,0.981,0.964,0.977,0.974,8.672,7.735,5.893,22.291,8.652,7.724,5.886,22.274,1.712,2.135,1.273,5.110,1.687,2.120,1.265,5.093,8.904,8.098,6.092,23.071,8.880,8.067,6.086,23.047,14.502,28.100,36.619,26.407,2.828,5.418,6.991,15.238,0.335,1.380,1.318,3.034,2.964,5.677,7.186,15.827,0.000,0.000,0.000,0.000,0.000,0.000,0.000,0.000,0.000,0.000,0.000,0.000,0.000,0.000,0.000,0.000,
2026/08/24,13:05:18,233.97,236.26,232.91,234.39,0.00,407.28,403.81,404.81,405.30,38.29,34.18,26.37,32.95,11.84,50.05,0.973,0.957,0.966,0.967,0.981,0.963,0.977,0.974,8.68,7.72,5.88,22.28,1.70,2.15,1.29,5.14,8.91,8.06,6.08,23.05,23764,20145,23582,67491,7522,6618,7564,21704,3415,4330,3910,11655,2235,2519,2148,6902,32757,28843,33753,95353,1.858,1.795,1.632,1.856,1.794,1.624,0.082,0.075,0.163,9.411,10.485,13.618,9.264,9.748,12.846,1.659,3.862,4.520,323.817,326.778,323.087,1.385,1.384,1.389,1.503,1.607,1.633,1.343,1.134,1.187,0.347,0.520,15.529,7.344,0.000,239.977,120.234,347.379,221.643,112.957,239.977,240.258,120.234,125.736,108.686,234.422,12.621,18.334,7.277,234.100,236.368,232.925,234.385,0.000,233.275,235.701,232.308,233.957,0.000,407.526,403.963,405.219,405.310,405.990,402.625,403.379,404.495,38.864,34.781,26.595,32.949,13.642,37.597,33.948,25.786,32.810,11.376,50.052,50.047,0.974,0.959,0.967,0.967,0.967,0.955,0.962,0.962,0.981,0.964,0.977,0.974,0.981,0.963,0.977,0.974,8.683,7.757,5.896,22.335,8.667,7.717,5.885,22.282,1.715,2.156,1.289,5.153,1.700,2.121,1.265,5.087,8.972,8.125,6.110,23.182,8.904,8.056,6.082,23.049,14.502,28.100,36.619,26.407,2.828,5.418,6.991,15.238,0.335,1.380,1.318,3.034,2.964,5.677,7.186,15.827,0.000,0.000,0.000,0.000,0.000,0.000,0.000,0.000,0.000,0.000,0.000,0.000,0.000,0.000,0.000,0.000,
2026/08/24,13:05:23,0.15,0.08,0.07,0.10,0.00,0.16,0.22,0.21,0.20,38.33,34.10,26.11,32.80,11.91,50.00,0.000,-0.471,0.000,-0.143,0.250,-1.000,1.000,0.000,0.00,-0.00,0.00,-0.00,0.00,0.00,0.00,0.00,0.00,0.00,0.00,0.01,23771,20151,23587,67509,7522,6618,7564,21704,3417,4331,3911,11659,2235,2519,2148,6902,32764,28850,33758,95372,63.252,75.795,70.220,62.968,75.539,69.867,5.982,6.222,7.028,15.701,12.669,12.888,11.774,10.100,12.716,10.387,7.647,2.098,0.393,0.231,0.221,2.645,2.955,3.035,1.638,1.646,1.629,1.352,1.150,1.187,159.399,96.251,44.249,58.415,0.000,86.607,148.096,358.330,312.047,189.773,86.607,180.756,148.096,120.463,115.189,235.652,1.670,134.561,318.322,235.822,238.816,232.990,234.385,0.000,0.140,0.073,0.069,0.101,0.000,410.298,403.930,405.005,405.368,0.156,0.215,0.208,0.195,38.785,34.805,26.555,32.949,14.154,37.605,33.876,25.892,32.797,11.471,50.052,50.000,0.975,0.957,0.966,0.967,0.000,-0.471,0.000,-0.143,0.981,0.974,1.000,0.974,0.250,-1.000,0.571,0.000,8.680,7.717,5.887,22.282,0.000,-0.001,0.000,-0.001,1.712,2.149,1.289,5.147,0.002,-0.001,-0.002,0.001,8.911,8.056,6.121,23.059,0.005,0.002,0.001,0.008,14.502,28.100,36.619,26.407,2.828,5.418,6.991,15.238,0.335,1.380,1.318,3.034,2.964,5.677,7.186,15.827,0.000,0.000,0.000,0.000,0.000,0.000,0.000,0.000,0.000,0.000,0.000,0.000,0.000,0.000,0.000,0.000,
2026/08/24,13:05:28,0.14,0.07,0.07,0.09,0.00,0.15,0.21,0.20,0.18,37.94,34.13,26.35,32.79,12.53,50.00,0.000,-0.640,0.000,-0.167,0.250,-0.500,1.000,0.143,0.00,-0.00,0.00,-0.00,0.00,0.00,-0.00,0.00,0.00,0.00,0.00,0.01,23771,20151,23587,67509,7522,6618,7564,21704,3417,4331,3911,11659,2235,2519,2148,6902,32764,28850,33758,95372,95.771,135.033,126.571,94.373,132.847,124.488,16.300,24.198,22.868,10.965,12.667,17.101,9.910,10.215,14.330,4.691,7.490,9.332,1.190,0.818,1.039,7.010,11.563,9.737,1.532,1.575,1.719,1.326,1.144,1.210,160.481,98.902,44.302,58.227,0.000,86.607,148.096,358.330,312.047,189.773,86.607,180.756,148.096,125.912,117.369,243.281,1.670,134.561,318.322,0.272,0.267,0.204,0.115,0.000,0.087,0.024,0.024,0.088,0.000,0.368,0.473,0.455,0.220,0.089,0.111,0.108,0.176,38.897,34.409,26.571,32.920,12.530,37.736,33.835,25.930,32.780,11.244,50.000,50.000,0.000,0.000,0.000,0.000,0.000,-0.941,0.000,-0.167,0.333,-0.500,1.000,0.167,0.250,-1.000,0.500,0.000,0.000,0.000,0.000,0.000,0.000,-0.001,0.000,-0.001,0.002,0.000,0.000,0.002,0.002,0.000,-0.001,0.001,0.005,0.002,0.001,0.008,0.005,0.001,0.001,0.007,14.502,28.100,36.619,26.407,2.828,5.418,6.991,15.238,0.335,1.380,1.318,3.034,2.964,5.677,7.186,15.827,0.000,0.000,0.000,0.000,0.000,0.000,0.000,0.000,0.000,0.000,0.000,0.000,0.000,0.000,0.000,0.000,
2026/08/24,13:05:33,0.12,0.07,0.06,0.08,0.00,0.14,0.19,0.18,0.17,38.09,33.94,26.28,32.72,12.06,50.00,0.000,-0.000,-0.000,0.000,0.333,-1.000,1.000,0.200,0.00,0.00,0.00,0.00,0.00,0.00,0.00,0.00,0.00,0.00,0.00,0.00,23771,20151,23587,67509,7522,6618,7564,21704,3417,4331,3911,11659,2235,2519,2148,6902,32764,28850,33758,95372,63.802,83.915,77.078,63.451,83.475,76.503,6.686,8.586,9.398,10.776,10.072,15.208,10.126,9.770,13.638,3.686,2.449,6.729,0.328,0.230,0.177,2.668,3.438,2.691,1.539,1.593,1.711,1.315,1.136,1.199,157.687,96.396,44.455,58.123,0.000,86.607,148.096,358.330,312.047,189.773,86.607,180.756,148.096,124.998,109.775,235.512,1.670,134.561,318.322,0.150,0.091,0.080,0.093,0.000,0.114,0.057,0.054,0.082,0.000,0.171,0.230,0.222,0.190,0.126,0.172,0.167,0.165,38.848,34.485,26.669,32.902,14.033,37.632,33.749,26.021,32.716,11.199,50.000,50.000,0.000,0.000,0.000,0.000,0.000,-0.762,0.000,-0.167,0.333,-0.500,1.000,0.200,0.250,-1.000,1.000,0.143,0.000,0.000,0.000,0.000,0.000,-0.001,0.000,-0.001,0.002,0.000,0.000,0.002,0.001,0.000,-0.001,0.001,0.005,0.001,0.001,0.007,0.004,0.000,0.000,0.004,14.502,28.100,36.619,26.407,2.828,5.418,6.991,15.238,0.335,1.380,1.318,3.034,2.964,5.677,7.186,15.827,0.000,0.000,0.000,0.000,0.000,0.000,0.000,0.000,0.000,0.000,0.000,0.000,0.000,0.000,0.000,0.000,
2026/08/24,13:05:38,0.12,0.07,0.07,0.09,0.00,0.14,0.19,0.18,0.17,38.48,33.94,26.15,32.88,12.35,50.00,0.000,-0.000,-0.000,-0.250,0.333,-0.500,1.000,0.167,0.00,-0.00,0.00,-0.00,0.00,0.00,0.00,0.00,0.00,0.00,0.00,0.00,23771,20151,23587,67509,7522,6618,7564,21704,3417,4331,3911,11659,2235,2519,2148,6902,32764,28850,33758,95372,63.897,74.481,73.831,63.653,73.961,73.226,5.578,8.790,9.431,16.507,12.276,17.215,11.835,10.453,14.200,11.507,6.437,9.732,0.330,0.206,0.183,2.687,3.089,2.811,1.644,1.685,1.705,1.349,1.144,1.207,161.540,99.479,44.271,58.555,0.000,86.607,148.096,358.330,312.047,189.773,86.607,180.756,148.096,117.211,113.344,230.555,1.670,134.561,318.322,0.145,0.090,0.072,0.088,0.000,0.112,0.057,0.056,0.082,0.000,0.167,0.218,0.210,0.176,0.128,0.176,0.169,0.163,38.849,34.483,26.658,32.895,14.593,37.708,33.788,26.034,32.716,11.168,50.000,50.000,0.000,-0.000,-0.000,0.000,0.000,-0.000,-0.000,-0.250,0.333,-0.500,1.000,0.200,0.333,-1.000,1.000,0.167,0.000,0.000,0.000,0.000,0.000,-0.001,0.000,-0.001,0.002,0.000,0.000,0.002,0.001,0.000,0.000,0.001,0.005,0.001,0.000,0.006,0.004,0.000,0.000,0.004,14.502,28.100,36.619,26.407,2.828,5.418,6.991,15.238,0.335,1.380,1.318,3.034,2.964,5.677,7.186,15.827,0.000,0.000,0.000,0.000,0.000,0.000,0.000,0.000,0.000,0.000,0.000,0.000,0.000,0.000,0.000,0.000,
2026/08/24,13:05:43,0.13,0.07,0.06,0.08,0.00,0.14,0.19,0.18,0.17,38.35,35.96,23.26,32.40,18.51,50.00,0.000,-0.000,-0.000,-0.333,0.333,-1.000,1.000,0.200,0.00,-0.00,0.00,-0.00,0.00,0.00,0.00,0.00,0.00,0.00,0.00,0.00,23771,20151,23587,67509,7522,6618,7564,21704,3417,4331,3911,11659,2235,2519,2148,6902,32764,28850,33758,95372,66.715,77.783,72.539,66.384,76.789,71.925,6.635,12.399,9.419,9.925,12.765,22.926,9.474,11.304,22.188,2.958,5.929,5.772,0.348,0.220,0.212,2.716,3.030,3.275,1.480,1.681,1.776,1.310,1.162,1.447,162.449,99.048,40.039,64.296,0.000,86.607,148.096,358.330,312.047,189.773,86.607,180.756,148.096,118.090,127.617,245.707,1.670,134.561,318.322,0.135,0.077,0.075,0.086,0.000,0.116,0.054,0.053,0.082,0.000,0.149,0.202,0.195,0.176,0.129,0.176,0.170,0.162,38.945,36.616,26.376,32.880,20.455,37.911,33.797,22.802,32.204,11.379,50.000,50.000,0.000,-0.000,-0.000,-0.250,0.000,-0.000,-0.000,-0.333,0.333,-0.500,1.000,0.200,0.333,-1.000,1.000,0.167,0.000,-0.001,0.000,-0.001,0.000,-0.001,0.000,-0.001,0.002,0.000,0.000,0.002,0.001,0.000,0.000,0.001,0.004,0.001,0.000,0.005,0.004,0.000,0.000,0.004,14.502,28.100,36.619,26.407,2.828,5.418,6.991,15.238,0.335,1.380,1.318,3.034,2.964,5.677,7.186,15.827,0.000,0.000,0.000,0.000,0.000,0.000,0.000,0.000,0.000,0.000,0.000,0.000,0.000,0.000,0.000,0.000,
2026/08/24,13:05:48,0.12,0.07,0.06,0.08,0.00,0.14,0.19,0.18,0.17,1.11,36.09,24.42,20.51,31.56,50.00,0.000,0.000,-0.000,0.000,0.000,-0.500,1.000,0.000,0.00,0.00,0.00,0.00,0.00,0.00,0.00,0.00,0.00,0.00,0.00,0.00,23771,20151,23587,67509,7522,6618,7564,21704,3417,4331,3911,11659,2235,2519,2148,6902,32764,28850,33758,95372,69.237,79.695,80.099,68.988,78.908,79.313,5.866,11.176,11.192,29.001,13.824,18.173,28.513,11.833,15.924,5.302,7.146,8.756,0.318,0.199,0.197,2.652,3.098,3.155,1.863,1.612,1.775,1.377,1.178,1.251,162.689,99.937,53.000,50.821,0.000,86.607,148.096,358.330,312.047,189.773,86.607,180.756,148.096,193.289,119.654,312.943,1.670,134.561,318.322,0.182,0.134,0.113,0.083,0.000,0.032,0.017,0.024,0.078,0.000,0.219,0.295,0.284,0.170,0.035,0.055,0.053,0.158,68.435,36.315,25.870,37.046,33.718,0.731,35.336,23.158,20.514,16.510,50.000,50.000,0.000,-0.000,-0.000,0.000,0.000,-0.000,-0.000,-0.500,0.500,-0.500,1.000,0.200,0.000,-1.000,0.000,0.000,0.000,0.000,0.000,0.000,0.000,-0.001,-0.001,-0.002,0.004,0.000,0.000,0.004,0.000,0.000,0.000,0.000,0.006,0.001,0.000,0.006,0.000,0.000,0.000,0.001,14.502,28.100,36.619,26.407,2.828,5.418,6.991,15.238,0.335,1.380,1.318,3.034,2.964,5.677,7.186,15.827,0.000,0.000,0.000,0.000,0.000,0.000,0.000,0.000,0.000,0.000,0.000,0.000,0.000,0.000,0.000,0.000,
2026/08/24,13:05:53,0.12,0.07,0.06,0.08,0.00,0.13,0.17,0.17,0.16,6.11,35.41,23.68,20.57,28.39,50.00,0.000,0.000,-0.000,0.000,0.000,-1.000,1.000,0.000,0.00,0.00,0.00,0.00,0.00,0.00,0.00,0.00,0.00,0.00,0.00,0.00,23771,20151,23587,67509,7522,6618,7564,21704,3417,4331,3911,11659,2235,2519,2148,6902,32764,28850,33758,95372,70.633,84.402,82.017,70.333,84.009,81.420,6.505,8.139,9.879,64.236,11.591,18.041,63.630,10.841,17.139,8.805,4.101,5.632,0.314,0.199,0.178,2.635,3.539,3.215,1.964,1.609,1.713,3.544,1.161,1.292,162.084,100.381,49.462,51.128,0.000,86.607,148.096,358.330,312.047,189.773,86.607,180.756,148.096,72.404,117.686,189.615,1.670,134.561,318.322,0.131,0.073,0.071,0.084,0.000,0.114,0.055,0.051,0.077,0.000,0.144,0.198,0.191,0.167,0.125,0.171,0.165,0.156,17.625,36.016,26.975,21.952,33.395,0.116,35.414,23.498,20.457,27.069,50.000,50.000,0.000,0.000,-0.000,0.000,0.000,0.000,-0.000,0.000,0.000,-0.500,1.000,0.000,0.000,-1.000,1.000,0.000,0.000,0.000,0.000,0.000,0.000,0.000,0.000,0.000,0.000,0.000,0.000,0.000,0.000,0.000,0.000,0.000,0.001,0.001,0.000,0.001,0.000,0.000,0.000,0.000,14.502,28.100,36.619,26.407,2.828,5.418,6.991,15.238,0.335,1.380,1.318,3.034,2.964,5.677,7.186,15.827,0.000,0.000,0.000,0.000,0.000,0.000,0.000,0.000,0.000,0.000,0.000,0.000,0.000,0.000,0.000,0.000,
2026/08/24,13:05:58,0.13,0.07,0.05,0.08,0.00,0.14,0.18,0.17,0.16,19.03,35.83,23.92,22.90,28.35,50.00,0.000,-0.000,-0.000,0.000,0.000,-1.000,1.000,0.000,0.00,0.00,0.00,0.00,0.00,0.00,0.00,0.00,0.00,0.00,0.00,0.00,23771,20151,23587,67509,7522,6618,7564,21704,3417,4331,3911,11659,2235,2519,2148,6902,32764,28850,33758,95372,67.405,81.620,83.381,66.961,80.999,82.477,7.724,10.049,12.247,120.560,13.268,25.653,116.597,11.513,19.547,30.654,6.595,16.613,0.324,0.209,0.178,2.678,2.973,2.835,2.322,1.594,1.794,5.997,1.166,1.375,162.471,101.049,42.983,52.337,0.000,86.607,148.096,358.330,312.047,189.773,86.607,180.756,148.096,156.410,115.400,63.615,1.670,134.561,318.322,0.137,0.074,0.068,0.085,0.000,0.109,0.055,0.050,0.077,0.000,0.147,0.198,0.192,0.171,0.120,0.169,0.163,0.160,19.034,36.194,24.170,22.903,30.835,1.004,35.302,23.329,20.262,26.892,50.000,50.000,0.000,0.000,-0.000,0.000,0.000,0.000,-0.000,0.000,0.000,-1.000,1.000,0.000,0.000,-1.000,1.000,0.000,0.000,0.000,0.000,0.000,0.000,0.000,0.000,0.000,0.000,0.000,0.000,0.000,0.000,0.000,0.000,0.000,0.001,0.000,0.000,0.001,0.000,0.000,0.000,0.000,14.502,28.100,36.619,26.407,2.828,5.418,6.991,15.238,0.335,1.380,1.318,3.034,2.964,5.677,7.186,15.827,0.000,0.000,0.000,0.000,0.000,0.000,0.000,0.000,0.000,0.000,0.000,0.000,0.000,0.000,0.000,0.000,
2026/08/24,13:06:03,0.13,0.06,0.06,0.08,0.00,0.14,0.18,0.17,0.16,5.08,35.78,23.66,21.01,28.11,50.00,-0.000,-0.000,-0.000,0.000,0.000,-1.000,1.000,0.000,0.00,0.00,0.00,0.00,0.00,0.00,0.00,0.00,0.00,0.00,0.00,0.00,23771,20151,23587,67509,7522,6618,7564,21704,3417,4331,3911,11659,2235,2519,2148,6902,32764,28850,33758,95372,68.279,84.200,83.548,67.882,83.702,82.801,7.353,9.144,11.143,51.296,11.100,18.844,50.869,10.940,17.083,6.601,1.882,7.953,0.331,0.205,0.169,2.645,3.136,3.021,2.265,1.555,1.753,2.801,1.159,1.298,165.891,103.590,50.495,51.243,0.000,86.607,148.096,358.330,312.047,189.773,86.607,180.756,148.096,153.369,122.572,275.941,1.670,134.561,318.322,0.135,0.077,0.068,0.084,0.000,0.114,0.056,0.049,0.081,0.000,0.147,0.197,0.190,0.166,0.128,0.167,0.162,0.160,32.656,36.220,24.160,30.617,33.072,3.106,35.479,23.432,21.008,26.871,50.000,50.000,0.000,-0.000,-0.000,0.000,0.000,-0.000,-0.000,0.000,0.500,-1.000,1.000,0.250,0.000,-1.000,1.000,0.000,0.000,0.000,0.000,0.000,0.000,0.000,0.000,0.000,0.000,0.000,0.000,0.000,0.000,0.000,0.000,0.000,0.004,0.000,0.000,0.004,0.000,0.000,0.000,0.000,14.502,28.100,36.619,26.407,2.828,5.418,6.991,15.238,0.335,1.380,1.318,3.034,2.964,5.677,7.186,15.827,0.000,0.000,0.000,0.000,0.000,0.000,0.000,0.000,0.000,0.000,0.000,0.000,0.000,0.000,0.000,0.000,
2026/08/24,13:06:08,0.13,0.06,0.05,0.09,0.00,0.14,0.18,0.17,0.16,8.17,35.83,23.58,22.50,26.26,50.00,0.000,-0.000,-0.000,0.000,0.000,-1.000,1.000,0.000,0.00,0.00,0.00,0.00,0.00,0.00,0.00,0.00,0.00,0.00,0.00,0.00,23771,20151,23587,67509,7522,6618,7564,21704,3417,4331,3911,11659,2235,2519,2148,6902,32764,28850,33758,95372,67.498,82.979,81.785,67.209,82.376,81.408,6.238,9.979,7.843,76.149,11.348,16.645,74.699,10.898,16.516,14.790,3.165,2.068,0.335,0.194,0.178,2.681,2.986,3.117,1.938,1.574,1.687,4.319,1.154,1.277,161.879,100.624,47.260,51.505,0.000,86.607,148.096,358.330,312.047,189.773,86.607,180.756,148.096,149.115,121.113,270.229,1.670,134.561,318.322,0.134,0.074,0.068,0.088,0.000,0.114,0.053,0.051,0.078,0.000,0.146,0.197,0.190,0.174,0.126,0.171,0.165,0.156,13.399,36.255,23.886,22.500,29.594,2.424,35.452,23.401,20.740,26.210,50.000,50.000,-0.000,-0.000,-0.000,0.000,-0.000,-0.000,-0.000,0.000,0.000,-1.000,1.000,0.000,0.000,-1.000,1.000,0.000,0.000,0.000,0.000,0.000,0.000,0.000,0.000,0.000,0.000,0.000,0.000,0.000,0.000,0.000,0.000,0.000,0.001,0.000,0.000,0.001,0.000,0.000,0.000,0.000,14.502,28.100,36.619,26.407,2.828,5.418,6.991,15.238,0.335,1.380,1.318,3.034,2.964,5.677,7.186,15.827,0.000,0.000,0.000,0.000,0.000,0.000,0.000,0.000,0.000,0.000,0.000,0.000,0.000,0.000,0.000,0.000,
2026/08/24,13:06:13,0.12,0.06,0.06,0.08,0.00,0.14,0.18,0.17,0.16,32.87,35.76,23.90,30.31,35.00,50.00,0.000,-0.000,-0.000,-0.250,0.500,-0.500,1.000,0.200,0.00,-0.00,0.00,-0.00,0.00,0.00,0.00,0.00,0.00,0.00,0.00,0.00,23771,20151,23587,67509,7522,6618,7564,21704,3417,4331,3911,11659,2235,2519,2148,6902,32764,28850,33758,95372,66.345,79.861,79.718,65.949,79.479,79.257,7.239,7.808,8.557,124.099,12.727,20.836,120.379,11.389,17.527,30.157,5.681,11.268,0.327,0.206,0.162,2.503,3.300,2.925,2.255,1.594,1.747,6.031,1.171,1.312,162.147,101.129,38.427,55.139,0.000,86.607,148.096,358.330,312.047,189.773,86.607,180.756,148.096,98.543,115.049,46.266,1.670,134.561,318.322,0.134,0.077,0.069,0.088,0.000,0.111,0.056,0.047,0.079,0.000,0.147,0.201,0.194,0.170,0.126,0.168,0.163,0.158,32.866,36.279,24.039,30.309,35.008,6.710,35.530,23.356,22.194,26.266,50.000,50.000,0.000,-0.000,-0.000,0.000,0.000,-0.000,-0.000,-0.250,0.500,-0.500,1.000,0.250,0.000,-1.000,1.000,0.000,0.000,0.000,0.000,0.000,0.000,-0.001,0.000,-0.001,0.000,0.000,0.000,0.000,0.000,0.000,0.000,0.000,0.004,0.001,0.000,0.005,0.001,0.000,0.000,0.001,14.502,28.100,36.619,26.407,2.828,5.418,6.991,15.238,0.335,1.380,1.318,3.034,2.964,5.677,7.186,15.827,0.000,0.000,0.000,0.000,0.000,0.000,0.000,0.000,0.000,0.000,0.000,0.000,0.000,0.000,0.000,0.000,
2026/08/24,13:06:18,0.12,0.06,0.06,0.08,0.00,0.13,0.17,0.17,0.16,2.38,35.61,23.97,20.38,30.39,50.00,-0.000,-0.000,-0.000,0.000,0.000,-1.000,1.000,0.000,0.00,0.00,0.00,0.00,0.00,0.00,0.00,0.00,0.00,0.00,0.00,0.00,23771,20151,23587,67509,7522,6618,7564,21704,3417,4331,3911,11659,2235,2519,2148,6902,32764,28850,33758,95372,68.256,84.939,75.341,67.973,84.043,74.898,6.206,12.305,8.161,58.828,12.325,18.090,55.689,11.069,16.812,18.962,5.422,6.678,0.329,0.201,0.168,2.842,3.459,3.038,1.700,1.607,1.685,1.713,1.167,1.288,156.730,96.762,53.354,51.285,0.000,86.607,148.096,358.330,312.047,189.773,86.607,180.756,148.096,184.359,126.668,310.518,1.670,134.561,318.322,0.135,0.073,0.066,0.084,0.000,0.112,0.056,0.049,0.078,0.000,0.149,0.196,0.190,0.168,0.124,0.168,0.163,0.155,33.682,36.014,24.212,30.742,35.339,0.567,35.420,23.534,20.285,26.872,50.000,50.000,0.000,-0.000,-0.000,0.000,0.000,-0.000,-0.000,-0.250,0.500,-0.500,1.000,0.250,0.000,-1.000,1.000,0.000,0.000,0.000,0.000,0.000,0.000,-0.001,0.000,-0.001,0.000,0.000,0.000,0.000,0.000,0.000,0.000,0.000,0.004,0.001,0.000,0.005,0.000,0.000,0.000,0.000,14.502,28.100,36.619,26.407,2.828,5.418,6.991,15.238,0.335,1.380,1.318,3.034,2.964,5.677,7.186,15.827,0.000,0.000,0.000,0.000,0.000,0.000,0.000,0.000,0.000,0.000,0.000,0.000,0.000,0.000,0.000,0.000,
2026/08/24,13:06:23,0.12,0.06,0.05,0.09,0.00,0.13,0.17,0.17,0.16,6.40,35.59,24.07,21.74,27.40,50.00,0.000,0.000,-0.000,0.000,0.000,-1.000,1.000,0.000,0.00,0.00,0.00,0.00,0.00,0.00,0.00,0.00,0.00,0.00,0.00,0.00,23771,20151,23587,67509,7522,6618,7564,21704,3417,4331,3911,11659,2235,2519,2148,6902,32764,28850,33758,95372,68.874,90.606,77.822,68.562,89.966,77.043,6.552,10.750,10.990,79.445,12.342,20.005,77.497,11.596,17.537,17.487,4.228,9.625,0.328,0.223,0.160,2.485,3.476,2.793,2.109,1.599,1.670,4.326,1.165,1.311,154.216,95.928,49.048,51.005,0.000,86.607,148.096,358.330,312.047,189.773,86.607,180.756,148.096,154.020,118.863,272.883,1.670,134.561,318.322,0.134,0.073,0.070,0.087,0.000,0.115,0.053,0.046,0.078,0.000,0.147,0.197,0.190,0.175,0.127,0.167,0.161,0.160,9.895,36.233,24.333,23.044,30.358,1.536,35.415,23.703,20.379,27.399,50.000,50.000,-0.000,-0.000,-0.000,0.000,-0.000,-0.000,-0.000,0.000,0.000,-0.500,1.000,0.000,0.000,-1.000,1.000,0.000,0.000,0.000,0.000,0.000,0.000,0.000,0.000,0.000,0.000,0.000,0.000,0.000,0.000,0.000,0.000,0.000,0.001,0.001,0.000,0.002,0.000,0.000,0.000,0.000,14.502,28.100,36.619,26.407,2.828,5.418,6.991,15.238,0.335,1.380,1.318,3.034,2.964,5.677,7.186,15.827,0.000,0.000,0.000,0.000,0.000,0.000,0.000,0.000,0.000,0.000,0.000,0.000,0.000,0.000,0.000,0.000,
2026/08/24,13:06:28,0.13,0.07,0.06,0.08,0.00,0.14,0.19,0.18,0.17,31.63,35.59,23.81,23.81,32.23,50.00,0.000,-0.000,-0.000,0.000,0.000,-1.000,1.000,0.000,0.00,0.00,0.00,0.00,0.00,0.00,0.00,0.00,0.00,0.00,0.00,0.00,23771,20151,23587,67509,7522,6618,7564,21704,3417,4331,3911,11659,2235,2519,2148,6902,32764,28850,33758,95372,66.608,79.611,75.472,66.332,79.038,74.989,6.056,9.531,8.525,109.657,12.327,17.946,108.467,11.239,17.242,16.110,5.063,4.979,0.334,0.199,0.175,2.528,2.891,2.903,2.094,1.630,1.732,5.666,1.168,1.298,161.555,100.438,38.202,55.557,0.000,86.607,148.096,358.330,312.047,189.773,86.607,180.756,148.096,156.234,121.605,61.805,1.670,134.561,318.322,0.136,0.073,0.067,0.087,0.000,0.114,0.053,0.049,0.081,0.000,0.147,0.199,0.193,0.170,0.128,0.167,0.162,0.161,33.024,35.985,24.244,23.809,32.227,6.275,35.324,23.586,21.738,25.959,50.000,50.000,0.000,0.000,-0.000,0.000,0.000,0.000,-0.000,0.000,0.000,-1.000,1.000,0.000,0.000,-1.000,1.000,0.000,0.000,0.000,0.000,0.000,0.000,0.000,0.000,0.000,0.000,0.000,0.000,0.000,0.000,0.000,0.000,0.000,0.001,0.001,0.000,0.002,0.000,0.000,0.000,0.000,14.502,28.100,36.619,26.407,2.828,5.418,6.991,15.238,0.335,1.380,1.318,3.034,2.964,5.677,7.186,15.827,0.000,0.000,0.000,0.000,0.000,0.000,0.000,0.000,0.000,0.000,0.000,0.000,0.000,0.000,0.000,0.000,
2026/08/24,13:06:33,0.13,0.07,0.06,0.09,0.00,0.14,0.19,0.18,0.17,32.90,35.09,24.03,30.67,33.61,50.00,0.000,0.000,-0.000,0.000,0.500,-0.500,1.000,0.200,0.00,0.00,0.00,0.00,0.00,0.00,0.00,0.00,0.00,0.00,0.00,0.00,23771,20151,23587,67509,7522,6618,7564,21704,3417,4331,3911,11659,2235,2519,2148,6902,32764,28850,33758,95372,65.294,80.570,78.128,65.006,80.020,77.246,6.125,9.394,11.709,114.672,12.194,22.721,114.361,11.120,18.542,8.448,5.003,13.132,0.342,0.204,0.169,2.650,3.183,2.923,2.153,1.609,1.840,5.908,1.171,1.346,166.277,104.734,38.325,55.331,0.000,86.607,148.096,358.330,312.047,189.773,86.607,180.756,148.096,158.924,111.287,52.541,1.670,134.561,318.322,0.141,0.075,0.069,0.087,0.000,0.119,0.057,0.050,0.082,0.000,0.153,0.203,0.196,0.173,0.129,0.175,0.169,0.164,36.422,35.931,24.225,30.672,34.801,25.357,34.843,23.551,23.809,32.314,50.000,50.000,0.000,-0.000,-0.000,0.000,0.000,-0.000,-0.000,-0.250,0.500,-1.000,1.000,0.250,0.000,-1.000,1.000,0.000,0.000,0.000,0.000,0.000,0.000,-0.001,0.000,-0.001,0.000,0.000,0.000,0.000,0.000,0.000,0.000,0.000,0.004,0.001,0.000,0.005,0.001,0.000,0.000,0.001,14.502,28.100,36.619,26.407,2.828,5.418,6.991,15.238,0.335,1.380,1.318,3.034,2.964,5.677,7.186,15.827,0.000,0.000,0.000,0.000,0.000,0.000,0.000,0.000,0.000,0.000,0.000,0.000,0.000,0.000,0.000,0.000,
2026/08/24,13:06:38,0.13,0.06,0.06,0.09,0.00,0.14,0.19,0.18,0.17,14.21,35.15,23.77,31.76,32.16,50.00,0.000,0.000,-0.000,0.000,0.500,-1.000,1.000,0.250,0.00,0.00,0.00,0.00,0.00,0.00,0.00,0.00,0.00,0.00,0.00,0.00,23771,20151,23587,67509,7522,6618,7564,21704,3417,4331,3911,11659,2235,2519,2148,6902,32764,28850,33758,95372,64.693,80.982,79.113,64.318,80.406,78.431,6.959,9.645,10.366,108.606,14.406,17.312,108.436,11.834,16.606,6.076,8.214,4.894,0.341,0.201,0.177,2.628,3.066,3.014,2.060,1.624,1.695,5.696,1.175,1.278,160.780,99.996,40.633,52.642,0.000,86.607,148.096,358.330,312.047,189.773,86.607,180.756,148.096,167.678,127.863,295.541,1.670,134.561,318.322,0.135,0.074,0.070,0.089,0.000,0.119,0.057,0.051,0.081,0.000,0.148,0.200,0.193,0.179,0.132,0.174,0.168,0.162,38.742,35.487,24.453,31.761,36.013,13.247,34.826,23.568,30.672,32.146,50.000,50.000,0.000,0.000,-0.000,0.000,0.000,0.000,-0.000,0.000,0.500,-0.500,1.000,0.250,0.000,-1.000,1.000,0.000,0.000,0.000,0.000,0.000,0.000,0.000,0.000,0.000,0.000,0.000,0.000,0.000,0.000,0.000,0.000,0.000,0.004,0.001,0.000,0.005,0.004,0.000,0.000,0.004,14.502,28.100,36.619,26.407,2.828,5.418,6.991,15.238,0.335,1.380,1.318,3.034,2.964,5.677,7.186,15.827,0.000,0.000,0.000,0.000,0.000,0.000,0.000,0.000,0.000,0.000,0.000,0.000,0.000,0.000,0.000,0.000,
2026/08/24,13:06:43,0.13,0.07,0.05,0.09,0.00,0.14,0.18,0.18,0.17,8.60,34.76,23.78,21.26,28.18,50.00,0.000,-0.000,-0.000,0.000,0.000,-1.000,1.000,0.000,0.00,-0.00,0.00,-0.00,0.00,0.00,0.00,0.00,0.00,0.00,0.00,0.00,23771,20151,23587,67509,7522,6618,7564,21704,3417,4331,3911,11659,2235,2519,2148,6902,32764,28850,33758,95372,67.713,87.648,82.637,67.329,86.779,81.812,7.205,12.311,11.649,72.855,13.612,18.941,71.500,11.329,17.121,13.988,7.546,8.101,0.329,0.211,0.165,2.666,3.317,3.157,2.155,1.634,1.715,3.896,1.177,1.297,159.950,100.343,48.436,50.711,0.000,86.607,148.096,358.330,312.047,189.773,86.607,180.756,148.096,76.008,118.916,66.674,1.670,134.561,318.322,0.137,0.074,0.071,0.089,0.000,0.114,0.054,0.049,0.080,0.000,0.150,0.199,0.192,0.179,0.124,0.167,0.161,0.160,14.841,35.715,24.166,31.761,31.761,2.357,34.758,23.600,20.883,26.863,50.000,50.000,0.000,0.000,-0.000,0.000,0.000,0.000,-0.000,0.000,0.500,-1.000,1.000,0.250,0.000,-1.000,1.000,0.000,0.000,0.000,0.000,0.000,0.000,-0.001,0.000,-0.001,0.000,0.000,0.000,0.000,0.000,0.000,0.000,0.000,0.004,0.001,0.000,0.005,0.000,0.000,0.000,0.000,14.502,28.100,36.619,26.407,2.828,5.418,6.991,15.238,0.335,1.380,1.318,3.034,2.964,5.677,7.186,15.827,0.000,0.000,0.000,0.000,0.000,0.000,0.000,0.000,0.000,0.000,0.000,0.000,0.000,0.000,0.000,0.000,
2026/08/24,13:06:48,0.13,0.06,0.07,0.09,0.00,0.14,0.20,0.19,0.17,30.42,35.64,23.93,30.01,42.30,50.00,0.000,0.000,-0.000,0.000,0.000,-0.500,1.000,0.000,0.00,0.00,0.00,0.00,0.00,0.00,0.00,0.00,0.00,0.00,0.00,0.00,23771,20151,23587,67509,7522,6618,7564,21704,3417,4331,3911,11659,2235,2519,2148,6902,32764,28850,33758,95372,65.459,77.643,81.955,65.238,77.059,81.299,5.379,9.504,10.348,297.988,11.334,17.497,297.067,11.103,16.630,23.407,2.277,5.439,0.357,0.212,0.172,2.794,2.964,2.595,1.922,1.567,1.731,8.672,1.164,1.286,164.578,102.892,44.063,51.680,0.000,86.607,148.096,358.330,312.047,189.773,86.607,180.756,148.096,63.105,121.904,61.646,1.670,134.561,318.322,0.139,0.077,0.067,0.088,0.000,0.117,0.057,0.051,0.081,0.000,0.152,0.206,0.200,0.171,0.130,0.173,0.167,0.163,54.372,35.836,24.235,37.517,43.788,8.444,34.705,23.689,21.264,28.200,50.000,50.000,0.000,-0.000,-0.000,0.000,0.000,-0.000,-0.000,0.000,0.333,-1.000,1.000,0.200,0.000,-1.000,1.000,0.000,0.000,0.000,0.000,0.000,0.000,-0.001,0.000,-0.001,0.000,0.000,0.000,0.000,0.000,0.000,0.000,0.000,0.005,0.001,0.000,0.005,0.000,0.000,0.000,0.000,14.502,28.100,36.619,26.407,2.828,5.418,6.991,15.238,0.335,1.380,1.318,3.034,2.964,5.677,7.186,15.827,0.000,0.000,0.000,0.000,0.000,0.000,0.000,0.000,0.000,0.000,0.000,0.000,0.000,0.000,0.000,0.000,
2026/08/24,13:06:53,0.13,0.07,0.06,0.09,0.00,0.14,0.19,0.18,0.17,39.22,35.14,24.47,30.31,40.78,50.00,0.000,0.000,-0.000,0.000,0.000,-1.000,1.000,-0.250,0.00,0.00,0.00,0.00,0.00,0.00,0.00,0.00,0.00,0.00,0.00,0.00,23771,20151,23587,67509,7522,6618,7564,21704,3417,4331,3911,11659,2235,2519,2148,6902,32764,28850,33758,95372,67.564,80.007,75.898,67.139,79.268,75.180,7.563,10.853,10.415,116.149,11.535,25.733,116.019,11.136,19.865,5.495,3.007,16.357,0.327,0.219,0.172,2.461,3.344,2.978,2.228,1.587,1.802,5.918,1.164,1.357,164.259,102.215,38.393,57.762,0.000,86.607,148.096,358.330,312.047,189.773,86.607,180.756,148.096,75.234,124.014,57.955,1.670,134.561,318.322,0.142,0.077,0.068,0.089,0.000,0.118,0.058,0.048,0.085,0.000,0.156,0.204,0.197,0.178,0.131,0.174,0.169,0.173,44.525,35.823,24.567,30.745,42.264,30.138,34.874,23.728,30.006,38.202,50.000,50.000,0.000,0.000,-0.000,0.000,0.000,0.000,-0.000,0.000,1.000,-0.500,1.000,0.250,0.000,-1.000,1.000,-0.250,0.000,0.000,0.000,0.000,0.000,0.000,0.000,0.000,0.000,0.000,0.000,0.000,0.000,0.000,0.000,0.000,0.004,0.001,0.000,0.005,0.004,0.000,0.000,0.004,14.502,28.100,36.619,26.407,2.828,5.418,6.991,15.238,0.335,1.380,1.318,3.034,2.964,5.677,7.186,15.827,0.000,0.000,0.000,0.000,0.000,0.000,0.000,0.000,0.000,0.000,0.000,0.000,0.000,0.000,0.000,0.000,
2026/08/24,13:06:58,0.13,0.07,0.06,0.08,0.00,0.15,0.19,0.19,0.18,38.50,35.55,23.98,34.32,41.21,50.00,0.000,0.000,-0.000,-0.200,0.000,-0.500,1.000,0.000,0.00,-0.00,0.00,-0.00,0.00,0.00,0.00,0.00,0.00,0.00,0.00,0.01,23771,20151,23587,67509,7522,6618,7564,21704,3417,4331,3911,11659,2235,2519,2148,6902,32764,28850,33758,95372,66.085,83.544,80.624,65.784,83.065,80.070,6.306,8.935,9.431,142.555,13.362,17.676,141.095,11.386,16.803,20.349,6.992,5.488,0.344,0.208,0.169,2.626,2.966,2.926,2.142,1.607,1.749,6.683,1.169,1.282,166.826,104.523,38.167,56.010,0.000,86.607,148.096,358.330,312.047,189.773,86.607,180.756,148.096,81.932,123.891,59.432,1.670,134.561,318.322,0.139,0.079,0.069,0.088,0.000,0.116,0.060,0.049,0.084,0.000,0.152,0.201,0.194,0.174,0.131,0.173,0.167,0.167,43.206,35.928,24.457,34.321,41.706,26.731,34.945,23.757,28.945,38.303,50.000,50.000,0.000,0.000,-0.000,0.000,0.000,0.000,-0.000,-0.200,0.500,-0.500,1.000,0.250,0.000,-1.000,1.000,-0.250,0.000,0.000,0.000,0.000,0.000,-0.001,0.000,-0.001,0.000,0.000,0.000,0.000,0.000,0.000,0.000,0.000,0.005,0.001,0.000,0.006,0.004,0.001,0.000,0.005,14.502,28.100,36.619,26.407,2.828,5.418,6.991,15.238,0.335,1.380,1.318,3.034,2.964,5.677,7.186,15.827,0.000,0.000,0.000,0.000,0.000,0.000,0.000,0.000,0.000,0.000,0.000,0.000,0.000,0.000,0.000,0.000,
2026/08/24,13:07:03,0.13,0.07,0.06,0.08,0.00,0.14,0.19,0.18,0.17,39.71,35.83,23.90,32.82,39.88,50.00,0.000,0.000,-0.000,0.000,0.500,-0.500,1.000,0.200,0.00,0.00,0.00,0.00,0.00,0.00,0.00,0.00,0.00,0.00,0.00,0.01,23771,20151,23587,67509,7522,6618,7564,21704,3417,4331,3911,11659,2235,2519,2148,6902,32764,28850,33758,95372,67.672,83.999,76.721,67.328,83.192,75.954,6.820,11.616,10.820,149.336,15.539,18.885,147.276,12.052,17.232,24.718,9.808,7.728,0.348,0.213,0.167,2.739,3.436,2.752,2.230,1.650,1.718,6.805,1.187,1.298,163.612,102.203,38.354,55.205,0.000,86.607,148.096,358.330,312.047,189.773,86.607,180.756,148.096,159.205,127.160,70.014,1.670,134.561,318.322,0.140,0.078,0.069,0.087,0.000,0.118,0.056,0.049,0.084,0.000,0.152,0.202,0.195,0.173,0.133,0.173,0.167,0.166,49.734,36.094,24.483,34.321,43.380,34.621,35.287,23.743,32.322,38.442,50.000,50.000,0.000,0.000,-0.000,0.000,0.000,0.000,-0.000,-0.200,0.500,-0.500,1.000,0.200,0.000,-0.500,1.000,0.000,0.000,0.000,0.000,0.000,0.000,-0.001,0.000,-0.001,0.001,0.000,0.000,0.001,0.000,0.000,0.000,0.000,0.005,0.001,0.000,0.006,0.004,0.001,0.000,0.005,14.502,28.100,36.619,26.407,2.828,5.418,6.991,15.238,0.335,1.380,1.318,3.034,2.964,5.677,7.186,15.827,0.000,0.000,0.000,0.000,0.000,0.000,0.000,0.000,0.000,0.000,0.000,0.000,0.000,0.000,0.000,0.000,
2026/08/24,13:07:08,0.13,0.07,0.06,0.08,0.00,0.15,0.19,0.18,0.17,32.22,36.14,24.16,30.57,33.78,50.00,0.000,0.000,-0.000,0.000,0.000,-0.500,1.000,0.000,0.00,0.00,0.00,0.00,0.00,0.00,0.00,0.00,0.00,0.00,0.00,0.00,23771,20151,23587,67509,7522,6618,7564,21704,3417,4331,3911,11659,2235,2519,2148,6902,32764,28850,33758,95372,68.513,80.404,81.184,68.182,79.947,80.656,6.727,8.560,9.248,113.984,14.153,18.474,112.727,11.852,16.619,16.880,7.734,8.068,0.364,0.205,0.175,2.799,3.054,2.890,2.121,1.644,1.741,5.748,1.177,1.280,166.882,104.249,38.337,55.239,0.000,86.607,148.096,358.330,312.047,189.773,86.607,180.756,148.096,69.469,125.455,60.662,1.670,134.561,318.322,0.139,0.078,0.068,0.086,0.000,0.118,0.060,0.052,0.082,0.000,0.155,0.202,0.195,0.174,0.130,0.170,0.164,0.166,40.347,36.313,24.414,33.156,40.882,31.518,35.443,23.844,30.573,33.357,50.000,50.000,0.000,0.000,-0.000,0.000,0.000,0.000,-0.000,-0.250,0.500,-0.500,1.000,0.200,0.000,-1.000,1.000,0.000,0.000,0.000,0.000,0.000,0.000,-0.001,0.000,-0.001,0.000,0.000,0.000,0.000,0.000,-0.001,0.000,-0.001,0.005,0.001,0.000,0.006,0.004,0.001,0.000,0.005,14.502,28.100,36.619,26.407,2.828,5.418,6.991,15.238,0.335,1.380,1.318,3.034,2.964,5.677,7.186,15.827,0.000,0.000,0.000,0.000,0.000,0.000,0.000,0.000,0.000,0.000,0.000,0.000,0.000,0.000,0.000,0.000,
2026/08/24,13:07:13,0.14,0.07,0.07,0.09,0.00,0.16,0.22,0.21,0.19,15.57,30.89,24.32,23.65,16.74,50.00,0.000,0.000,-0.000,0.000,1.000,-1.000,1.000,0.333,0.00,0.00,0.00,0.00,0.00,0.00,0.00,0.00,0.00,0.00,0.00,0.00,23771,20151,23587,67509,7522,6618,7564,21704,3417,4331,3911,11659,2235,2519,2148,6902,32764,28850,33758,95372,63.854,77.796,71.945,63.532,77.224,71.510,6.401,9.412,7.891,30.910,11.451,22.368,28.800,11.187,18.131,11.225,2.445,13.099,0.379,0.214,0.193,2.806,3.384,2.693,1.843,1.617,1.772,1.651,1.163,1.331,155.862,96.730,41.471,49.060,0.000,86.607,148.096,358.330,312.047,189.773,86.607,180.756,148.096,139.957,135.000,274.957,1.670,134.561,318.322,0.146,0.077,0.072,0.088,0.000,0.118,0.057,0.051,0.083,0.000,0.158,0.215,0.208,0.179,0.130,0.174,0.168,0.168,33.235,36.460,24.568,30.863,34.146,15.269,30.586,23.997,23.650,15.990,50.000,50.000,0.000,0.000,-0.000,0.000,0.000,0.000,-0.000,0.000,0.500,-0.500,1.000,0.333,0.000,-1.000,1.000,0.000,0.000,0.000,0.000,0.000,0.000,0.000,0.000,0.000,0.000,0.000,0.000,0.000,0.000,0.000,0.000,0.000,0.004,0.001,0.000,0.005,0.002,0.000,0.000,0.002,14.502,28.100,36.619,26.407,2.828,5.418,6.991,15.238,0.335,1.380,1.318,3.034,2.964,5.677,7.186,15.827,0.000,0.000,0.000,0.000,0.000,0.000,0.000,0.000,0.000,0.000,0.000,0.000,0.000,0.000,0.000,0.000,
2026/08/24,13:07:18,0.14,0.07,0.06,0.09,0.00,0.15,0.19,0.19,0.18,14.37,30.80,24.26,23.17,15.83,50.00,0.000,0.000,-0.000,0.000,1.000,-1.000,1.000,0.333,0.00,0.00,0.00,0.00,0.00,0.00,0.00,0.00,0.00,0.00,0.00,0.00,23771,20151,23587,67509,7522,6618,7564,21704,3417,4331,3911,11659,2235,2519,2148,6902,32764,28850,33758,95372,63.489,78.771,82.458,63.107,78.130,81.812,6.956,10.028,10.300,24.037,12.691,21.916,19.444,11.650,18.015,14.132,5.033,12.480,0.344,0.209,0.196,2.596,3.310,3.471,1.650,1.593,1.796,1.348,1.174,1.317,157.914,98.495,41.774,48.864,0.000,86.607,148.096,358.330,312.047,189.773,86.607,180.756,148.096,128.883,119.830,248.713,1.670,134.561,318.322,0.146,0.075,0.069,0.090,0.000,0.122,0.059,0.051,0.087,0.000,0.158,0.211,0.204,0.182,0.137,0.180,0.174,0.172,15.269,31.267,24.666,23.650,17.429,14.025,30.477,23.897,23.032,15.636,50.000,50.000,0.000,0.000,-0.000,0.000,0.000,0.000,-0.000,0.000,1.000,-1.000,1.000,0.333,1.000,-1.000,1.000,0.333,0.000,0.000,0.000,0.000,0.000,0.000,0.000,0.000,0.000,0.000,0.000,0.000,0.000,0.000,0.000,0.000,0.002,0.001,0.000,0.004,0.001,0.000,0.000,0.001,14.502,28.100,36.619,26.407,2.828,5.418,6.991,15.238,0.335,1.380,1.318,3.034,2.964,5.677,7.186,15.827,0.000,0.000,0.000,0.000,0.000,0.000,0.000,0.000,0.000,0.000,0.000,0.000,0.000,0.000,0.000,0.000,
2026/08/24,13:07:23,0.13,0.07,0.07,0.09,0.00,0.15,0.20,0.19,0.18,14.91,2.10,24.19,22.87,24.64,50.00,0.000,-0.000,0.000,-0.400,1.000,-1.000,1.000,0.333,0.00,-0.00,-0.00,-0.00,-0.00,0.00,0.00,-0.00,0.00,0.00,0.00,0.01,23771,20151,23587,67509,7522,6618,7564,21704,3417,4331,3911,11659,2235,2519,2148,6902,32764,28850,33758,95372,65.029,75.646,78.736,64.761,75.164,78.123,5.902,8.526,9.805,25.811,139.927,18.462,21.621,138.725,17.008,14.097,18.303,7.181,0.361,0.227,0.192,2.633,3.146,3.110,1.648,1.806,1.755,1.381,5.154,1.292,170.763,107.288,109.485,31.716,0.000,86.607,148.096,358.330,312.047,189.773,86.607,180.756,148.096,61.559,173.039,251.613,1.670,134.561,318.322,0.296,0.215,0.180,0.092,0.000,0.119,0.060,0.052,0.087,0.000,0.355,0.475,0.458,0.186,0.136,0.182,0.176,0.176,15.178,36.549,26.503,23.251,24.766,14.202,0.569,23.868,22.875,15.584,50.000,50.000,0.000,0.000,-0.000,0.000,0.000,0.000,-0.000,-0.500,1.000,-0.500,1.000,0.333,1.000,-1.000,1.000,0.250,0.000,0.000,0.000,0.000,0.000,-0.001,-0.001,-0.002,0.000,0.000,0.000,0.000,-0.001,0.000,0.000,-0.001,0.002,0.002,0.001,0.006,0.001,0.000,0.000,0.001,14.502,28.100,36.619,26.407,2.828,5.418,6.991,15.238,0.335,1.380,1.318,3.034,2.964,5.677,7.186,15.827,0.000,0.000,0.000,0.000,0.000,0.000,0.000,0.000,0.000,0.000,0.000,0.000,0.000,0.000,0.000,0.000,
2026/08/24,13:07:28,0.14,0.07,0.06,0.10,0.00,0.15,0.20,0.19,0.18,15.33,17.94,24.11,18.88,35.22,50.00,0.000,0.000,-0.000,-0.333,1.000,0.000,1.000,1.000,0.00,0.00,-0.00,-0.00,0.00,0.00,-0.00,-0.00,0.00,0.00,0.00,0.00,23771,20151,23587,67509,7522,6618,7564,21704,3417,4331,3911,11659,2235,2519,2148,6902,32764,28850,33758,95372,63.690,74.823,74.842,63.421,74.304,74.198,5.844,8.799,9.792,25.662,257.795,16.854,21.232,255.363,16.345,14.413,35.321,4.112,0.377,0.234,0.189,2.640,3.233,3.346,1.719,2.019,1.680,1.388,8.663,1.275,170.958,108.062,80.480,28.069,0.000,86.607,148.096,358.330,312.047,189.773,86.607,180.756,148.096,58.043,57.639,245.654,1.670,134.561,318.322,0.151,0.084,0.073,0.095,0.000,0.127,0.065,0.053,0.092,0.000,0.165,0.214,0.207,0.189,0.145,0.189,0.183,0.182,15.329,18.928,24.502,22.875,35.385,14.342,0.437,23.973,13.260,24.065,50.000,50.000,0.000,-0.000,0.000,-0.333,0.000,-0.000,0.000,-1.000,1.000,0.000,1.000,1.000,1.000,-1.000,1.000,0.333,0.000,0.000,-0.001,-0.001,0.000,-0.001,-0.001,-0.002,0.000,0.000,0.000,-0.001,-0.001,0.000,-0.001,-0.001,0.002,0.002,0.001,0.006,0.001,0.000,0.000,0.001,14.502,28.100,36.619,26.407,2.828,5.418,6.991,15.238,0.335,1.380,1.318,3.034,2.964,5.677,7.186,15.827,0.000,0.000,0.000,0.000,0.000,0.000,0.000,0.000,0.000,0.000,0.000,0.000,0.000,0.000,0.000,0.000,
2026/08/24,13:07:33,0.14,0.08,0.06,0.09,0.00,0.16,0.20,0.20,0.19,14.69,18.77,24.29,19.20,27.76,50.00,0.000,0.000,-0.000,-0.333,1.000,0.000,1.000,1.000,0.00,0.00,-0.00,-0.00,0.00,0.00,-0.00,-0.00,0.00,0.00,0.00,0.00,23771,20151,23587,67509,7522,6618,7564,21704,3417,4331,3911,11659,2235,2519,2148,6902,32764,28850,33758,95372,64.673,76.911,78.292,64.375,76.316,77.562,6.204,9.556,10.663,25.821,223.248,16.969,21.779,212.652,16.230,13.870,67.961,4.953,0.371,0.246,0.198,2.623,3.349,3.159,1.632,2.016,1.701,1.381,7.914,1.275,176.283,112.003,78.008,28.439,0.000,86.607,148.096,358.330,312.047,189.773,86.607,180.756,148.096,86.977,66.375,266.221,1.670,134.561,318.322,0.152,0.087,0.071,0.096,0.000,0.130,0.066,0.054,0.092,0.000,0.166,0.216,0.209,0.191,0.146,0.188,0.182,0.179,15.382,28.536,24.524,21.751,40.213,14.324,17.092,24.045,18.877,27.600,50.000,50.000,0.000,0.000,-0.000,-0.333,0.000,0.000,-0.000,-0.333,1.000,0.000,1.000,1.000,1.000,0.000,1.000,1.000,0.000,0.000,-0.001,-0.001,0.000,0.000,-0.001,-0.001,0.000,0.000,-0.001,-0.001,0.000,0.000,-0.001,-0.001,0.002,0.001,0.000,0.004,0.002,0.001,0.000,0.004,14.502,28.100,36.619,26.407,2.828,5.418,6.991,15.238,0.335,1.380,1.318,3.034,2.964,5.677,7.186,15.827,0.000,0.000,0.000,0.000,0.000,0.000,0.000,0.000,0.000,0.000,0.000,0.000,0.000,0.000,0.000,0.000,
2026/08/24,13:07:38,0.14,0.08,0.06,0.09,0.00,0.16,0.19,0.19,0.18,14.78,18.08,24.53,19.53,32.02,50.00,0.000,0.000,-0.000,-0.333,1.000,0.000,1.000,1.000,0.00,0.00,-0.00,-0.00,0.00,0.00,-0.00,-0.00,0.00,0.00,0.00,0.00,23771,20151,23587,67509,7522,6618,7564,21704,3417,4331,3911,11659,2235,2519,2148,6902,32764,28850,33758,95372,64.654,76.214,78.426,64.394,75.700,77.768,5.795,8.836,10.138,24.663,621.522,20.714,21.460,618.196,17.665,12.155,64.220,10.817,0.361,0.231,0.189,2.637,2.905,3.274,1.683,1.772,1.743,1.396,9.687,1.319,167.436,105.368,95.412,28.477,0.000,86.607,148.096,358.330,312.047,189.773,86.607,180.756,148.096,70.805,72.949,252.439,1.670,134.561,318.322,0.148,0.090,0.072,0.096,0.000,0.126,0.067,0.055,0.089,0.000,0.164,0.216,0.209,0.186,0.142,0.185,0.179,0.177,15.342,24.983,24.667,19.658,36.403,14.452,17.831,24.158,19.195,27.755,50.000,50.000,0.000,0.000,-0.000,-0.333,0.000,0.000,-0.000,-0.500,1.000,0.000,1.000,1.000,1.000,0.000,1.000,1.000,0.000,0.000,-0.001,-0.001,0.000,0.000,-0.001,-0.001,0.000,0.000,-0.001,-0.001,0.000,0.000,-0.001,-0.001,0.002,0.001,0.000,0.004,0.001,0.001,0.000,0.002,14.502,28.100,36.619,26.407,2.828,5.418,6.991,15.238,0.335,1.380,1.318,3.034,2.964,5.677,7.186,15.827,0.000,0.000,0.000,0.000,0.000,0.000,0.000,0.000,0.000,0.000,0.000,0.000,0.000,0.000,0.000,0.000,
2026/08/24,13:07:43,0.14,0.08,0.07,0.09,0.00,0.16,0.21,0.20,0.19,14.68,18.58,24.57,19.48,29.87,50.00,0.000,0.000,-0.000,-0.333,1.000,0.000,1.000,1.000,0.00,0.00,-0.00,-0.00,0.00,0.00,-0.00,-0.00,0.00,0.00,0.00,0.00,23771,20151,23587,67509,7522,6618,7564,21704,3417,4331,3911,11659,2235,2519,2148,6902,32764,28850,33758,95372,62.449,73.556,77.044,62.170,73.097,76.440,5.902,8.197,9.630,18.645,249.491,22.394,18.578,243.869,17.990,1.583,52.667,13.337,0.355,0.221,0.221,2.616,2.894,3.294,1.658,2.108,1.765,1.330,8.542,1.326,172.997,109.395,81.285,27.945,0.000,86.607,148.096,358.330,312.047,189.773,86.607,180.756,148.096,82.846,59.414,251.227,1.670,134.561,318.322,0.150,0.084,0.072,0.094,0.000,0.128,0.065,0.051,0.089,0.000,0.165,0.216,0.209,0.186,0.143,0.186,0.180,0.178,15.415,20.487,24.850,19.837,32.705,14.489,17.355,24.150,18.932,29.636,50.000,50.000,0.000,0.000,-0.000,-0.333,0.000,0.000,-0.000,-0.500,1.000,0.000,1.000,1.000,1.000,0.000,1.000,1.000,0.000,0.000,-0.001,-0.001,0.000,0.000,-0.001,-0.001,0.000,0.000,-0.001,-0.001,0.000,0.000,-0.001,-0.001,0.002,0.001,0.000,0.004,0.001,0.001,0.000,0.002,14.502,28.100,36.619,26.407,2.828,5.418,6.991,15.238,0.335,1.380,1.318,3.034,2.964,5.677,7.186,15.827,0.000,0.000,0.000,0.000,0.000,0.000,0.000,0.000,0.000,0.000,0.000,0.000,0.000,0.000,0.000,0.000,
2026/08/24,13:07:48,0.14,0.08,0.06,0.09,0.00,0.15,0.20,0.19,0.18,14.85,17.52,24.56,19.30,28.49,50.00,0.000,0.000,-0.000,-0.333,1.000,0.000,1.000,1.000,0.00,0.00,-0.00,-0.00,0.00,0.00,-0.00,-0.00,0.00,0.00,0.00,0.00,23771,20151,23587,67509,7522,6618,7564,21704,3417,4331,3911,11659,2235,2519,2148,6902,32764,28850,33758,95372,63.414,74.050,76.252,63.077,73.516,75.687,6.524,8.875,9.265,18.669,245.234,21.587,18.475,241.227,18.052,2.686,44.146,11.838,0.360,0.220,0.189,2.722,2.901,3.039,1.600,1.997,1.838,1.321,8.661,1.313,172.170,108.639,78.729,28.189,0.000,86.607,148.096,358.330,312.047,189.773,86.607,180.756,148.096,86.291,84.375,255.023,1.670,134.561,318.322,0.147,0.086,0.075,0.097,0.000,0.129,0.068,0.052,0.090,0.000,0.164,0.220,0.213,0.193,0.145,0.185,0.179,0.181,15.447,19.599,24.759,19.476,30.303,14.459,17.484,24.249,19.108,28.022,50.000,50.000,0.000,0.000,-0.000,-0.333,0.000,0.000,-0.000,-0.333,1.000,0.000,1.000,1.000,1.000,0.000,1.000,1.000,0.000,0.000,-0.001,-0.001,0.000,0.000,-0.001,-0.001,0.000,0.000,-0.001,-0.001,0.000,0.000,-0.001,-0.001,0.002,0.001,0.000,0.004,0.002,0.001,0.000,0.004,14.502,28.100,36.619,26.407,2.828,5.418,6.991,15.238,0.335,1.380,1.318,3.034,2.964,5.677,7.186,15.827,0.000,0.000,0.000,0.000,0.000,0.000,0.000,0.000,0.000,0.000,0.000,0.000,0.000,0.000,0.000,0.000,
2026/08/24,13:07:53,0.14,0.07,0.06,0.09,0.00,0.15,0.20,0.19,0.18,14.97,19.12,24.35,19.00,29.93,50.00,0.000,0.000,-0.000,-0.333,1.000,0.000,1.000,1.000,0.00,0.00,-0.00,-0.00,0.00,0.00,-0.00,-0.00,0.00,0.00,0.00,0.00,23771,20151,23587,67509,7522,6618,7564,21704,3417,4331,3911,11659,2235,2519,2148,6902,32764,28850,33758,95372,63.033,71.528,75.368,62.698,70.980,74.950,6.494,8.840,7.921,26.383,256.399,17.921,22.439,255.938,16.520,13.876,15.376,6.947,0.352,0.231,0.198,2.500,3.224,2.980,1.776,1.968,1.732,1.407,8.884,1.280,174.693,110.185,82.313,27.732,0.000,86.607,148.096,358.330,312.047,189.773,86.607,180.756,148.096,97.998,63.193,267.996,1.670,134.561,318.322,0.149,0.085,0.075,0.094,0.000,0.127,0.064,0.053,0.090,0.000,0.166,0.218,0.210,0.187,0.143,0.188,0.182,0.181,15.504,20.334,24.824,19.466,33.488,14.471,17.394,24.030,18.998,26.291,50.000,50.000,0.000,0.000,-0.000,-0.333,0.000,0.000,-0.000,-0.333,1.000,0.000,1.000,1.000,1.000,0.000,1.000,1.000,0.000,0.000,-0.001,-0.001,0.000,0.000,-0.001,-0.001,0.000,0.000,-0.001,-0.001,0.000,0.000,-0.001,-0.001,0.002,0.001,0.000,0.004,0.002,0.001,0.000,0.004,14.502,28.100,36.619,26.407,2.828,5.418,6.991,15.238,0.335,1.380,1.318,3.034,2.964,5.677,7.186,15.827,0.000,0.000,0.000,0.000,0.000,0.000,0.000,0.000,0.000,0.000,0.000,0.000,0.000,0.000,0.000,0.000,
2026/08/24,13:07:58,0.14,0.07,0.06,0.10,0.00,0.15,0.19,0.19,0.18,15.07,19.69,24.10,18.94,25.52,50.00,0.000,0.000,-0.000,-0.333,1.000,0.000,1.000,1.000,0.00,0.00,-0.00,-0.00,0.00,0.00,-0.00,-0.00,0.00,0.00,0.00,0.00,23771,20151,23587,67509,7522,6618,7564,21704,3417,4331,3911,11659,2235,2519,2148,6902,32764,28850,33758,95372,64.041,75.774,74.757,63.697,75.086,74.337,6.628,10.187,7.913,26.206,138.093,18.235,21.588,132.892,17.105,14.857,37.542,6.321,0.353,0.248,0.176,2.555,3.214,2.925,1.795,2.077,1.731,1.411,6.585,1.295,173.061,109.361,67.431,30.775,0.000,86.607,148.096,358.330,312.047,189.773,86.607,180.756,148.096,157.430,95.361,252.791,1.670,134.561,318.322,0.151,0.088,0.071,0.095,0.000,0.128,0.067,0.053,0.092,0.000,0.165,0.216,0.209,0.191,0.145,0.189,0.183,0.179,15.417,20.429,24.596,19.272,31.228,14.484,17.389,23.893,18.942,24.759,50.000,50.000,0.000,0.000,-0.000,-0.333,0.000,0.000,-0.000,-0.333,1.000,0.000,1.000,1.000,1.000,0.000,1.000,1.000,0.000,0.000,-0.001,-0.001,0.000,0.000,-0.001,-0.001,0.000,0.000,-0.001,-0.001,0.000,0.000,-0.001,-0.001,0.002,0.001,0.000,0.004,0.002,0.001,0.000,0.004,14.502,28.100,36.619,26.407,2.828,5.418,6.991,15.238,0.335,1.380,1.318,3.034,2.964,5.677,7.186,15.827,0.000,0.000,0.000,0.000,0.000,0.000,0.000,0.000,0.000,0.000,0.000,0.000,0.000,0.000,0.000,0.000,
2026/08/24,13:08:03,0.14,0.08,0.06,0.09,0.00,0.16,0.20,0.20,0.19,14.69,18.90,24.15,19.51,24.57,50.00,0.000,0.000,-0.000,-0.333,1.000,-1.000,1.000,0.333,0.00,0.00,-0.00,-0.00,0.00,0.00,-0.00,-0.00,0.00,0.00,0.00,0.00,23771,20151,23587,67509,7522,6618,7564,21704,3417,4331,3911,11659,2235,2519,2148,6902,32764,28850,33758,95372,63.526,75.011,74.993,63.238,74.560,74.528,6.038,8.212,8.340,21.784,124.300,15.816,19.829,123.103,15.702,9.018,17.209,1.896,0.375,0.213,0.199,2.756,3.014,3.096,1.678,2.088,1.671,1.352,6.489,1.258,167.651,104.839,66.071,31.269,0.000,86.607,148.096,358.330,312.047,189.773,86.607,180.756,148.096,95.379,84.973,247.992,1.670,134.561,318.322,0.152,0.090,0.074,0.095,0.000,0.128,0.066,0.054,0.090,0.000,0.165,0.217,0.210,0.186,0.146,0.188,0.182,0.176,15.426,20.490,24.738,19.711,25.530,14.566,18.159,23.931,18.942,23.998,50.000,50.000,0.000,0.000,-0.000,-0.333,0.000,0.000,-0.000,-0.500,1.000,0.000,1.000,1.000,1.000,-1.000,1.000,0.333,0.000,0.000,-0.001,-0.001,0.000,0.000,-0.001,-0.001,0.000,0.000,-0.001,-0.001,0.000,0.000,-0.001,-0.001,0.002,0.001,0.000,0.004,0.001,0.001,0.000,0.002,14.502,28.100,36.619,26.407,2.828,5.418,6.991,15.238,0.335,1.380,1.318,3.034,2.964,5.677,7.186,15.827,0.000,0.000,0.000,0.000,0.000,0.000,0.000,0.000,0.000,0.000,0.000,0.000,0.000,0.000,0.000,0.000,
2026/08/24,13:08:08,0.14,0.07,0.06,0.09,0.00,0.15,0.20,0.19,0.18,15.02,17.78,24.34,19.77,24.53,50.00,0.000,0.000,-0.000,-0.333,1.000,-1.000,1.000,0.333,0.00,0.00,-0.00,-0.00,0.00,0.00,-0.00,-0.00,0.00,0.00,0.00,0.00,23771,20151,23587,67509,7522,6618,7564,21704,3417,4331,3911,11659,2235,2519,2148,6902,32764,28850,33758,95372,65.233,72.770,74.043,65.006,72.160,73.400,5.437,9.398,9.738,20.688,118.471,16.581,19.405,116.407,15.868,7.170,22.020,4.811,0.360,0.241,0.202,2.722,3.206,2.902,1.603,2.214,1.682,1.341,6.147,1.262,175.172,110.012,67.431,30.770,0.000,86.607,148.096,358.330,312.047,189.773,86.607,180.756,148.096,83.742,81.598,263.918,1.670,134.561,318.322,0.149,0.088,0.072,0.096,0.000,0.128,0.069,0.052,0.089,0.000,0.165,0.216,0.209,0.193,0.143,0.187,0.181,0.175,15.478,20.598,24.608,19.780,25.020,14.632,17.510,24.062,19.506,23.350,50.000,50.000,0.000,0.000,-0.000,-0.333,0.000,0.000,-0.000,-0.333,1.000,-1.000,1.000,0.333,1.000,-1.000,1.000,0.333,0.000,0.000,-0.001,-0.001,0.000,0.000,-0.001,-0.001,0.000,0.000,-0.001,-0.001,0.000,0.000,-0.001,-0.001,0.002,0.001,0.000,0.004,0.002,0.001,0.000,0.004,14.502,28.100,36.619,26.407,2.828,5.418,6.991,15.238,0.335,1.380,1.318,3.034,2.964,5.677,7.186,15.827,0.000,0.000,0.000,0.000,0.000,0.000,0.000,0.000,0.000,0.000,0.000,0.000,0.000,0.000,0.000,0.000,
2026/08/24,13:08:13,0.14,0.08,0.07,0.09,0.00,0.16,0.21,0.20,0.19,15.14,17.57,24.92,19.41,22.97,50.00,0.000,0.000,-0.000,-0.333,1.000,-1.000,1.000,0.333,0.00,0.00,-0.00,-0.00,0.00,0.00,-0.00,-0.00,0.00,0.00,0.00,0.00,23771,20151,23587,67509,7522,6618,7564,21704,3417,4331,3911,11659,2235,2519,2148,6902,32764,28850,33758,95372,63.943,75.899,76.588,63.727,75.258,76.011,5.255,9.837,9.388,19.560,100.582,23.982,19.229,98.546,19.326,3.582,20.136,14.201,0.364,0.234,0.200,2.634,3.445,3.288,1.656,2.185,1.729,1.344,5.474,1.329,176.091,110.833,63.871,32.110,0.000,86.607,148.096,358.330,312.047,189.773,86.607,180.756,148.096,98.947,83.232,253.846,1.670,134.561,318.322,0.149,0.087,0.071,0.094,0.000,0.124,0.068,0.052,0.089,0.000,0.163,0.211,0.204,0.189,0.140,0.183,0.177,0.174,15.574,19.477,25.131,19.770,26.165,14.829,17.202,24.275,19.187,22.436,50.000,50.000,0.000,0.000,-0.000,-0.333,0.000,0.000,-0.000,-0.333,1.000,0.000,1.000,1.000,1.000,-1.000,1.000,0.333,0.000,0.000,-0.001,-0.001,0.000,0.000,-0.001,-0.001,0.000,0.000,-0.001,-0.001,0.000,0.000,-0.001,-0.001,0.002,0.001,0.000,0.004,0.002,0.001,0.000,0.004,14.502,28.100,36.619,26.407,2.828,5.418,6.991,15.238,0.335,1.380,1.318,3.034,2.964,5.677,7.186,15.827,0.000,0.000,0.000,0.000,0.000,0.000,0.000,0.000,0.000,0.000,0.000,0.000,0.000,0.000,0.000,0.000,
2026/08/24,13:08:18,0.14,0.07,0.06,0.09,0.00,0.15,0.20,0.19,0.18,15.01,20.89,24.39,20.05,12.26,50.00,0.000,0.000,-0.000,-0.333,1.000,-1.000,1.000,0.333,0.00,0.00,-0.00,-0.00,0.00,0.00,-0.00,-0.00,0.00,0.00,0.00,0.00,23771,20151,23587,67509,7522,6618,7564,21704,3417,4331,3911,11659,2235,2519,2148,6902,32764,28850,33758,95372,63.805,76.339,80.914,63.533,75.574,80.424,5.878,10.781,8.888,19.812,13.852,16.886,19.478,13.645,16.112,3.625,2.383,5.055,0.385,0.205,0.177,2.738,2.917,3.059,1.611,1.603,1.705,1.349,1.230,1.266,166.982,106.474,49.468,39.930,0.000,86.607,148.096,358.330,312.047,189.773,86.607,180.756,148.096,125.578,126.879,251.455,1.670,134.561,318.322,0.152,0.082,0.070,0.095,0.000,0.123,0.064,0.051,0.086,0.000,0.165,0.211,0.204,0.192,0.138,0.180,0.174,0.171,15.405,21.091,25.136,20.053,22.968,14.755,16.438,24.241,18.727,12.257,50.000,50.000,0.000,0.000,-0.000,-0.333,0.000,0.000,-0.000,-0.500,1.000,-1.000,1.000,0.333,1.000,-1.000,1.000,0.333,0.000,0.000,-0.001,-0.001,0.000,0.000,-0.001,-0.001,0.000,0.000,-0.001,-0.001,0.000,0.000,-0.001,-0.001,0.002,0.001,0.000,0.004,0.001,0.000,0.000,0.002,14.502,28.100,36.619,26.407,2.828,5.418,6.991,15.238,0.335,1.380,1.318,3.034,2.964,5.677,7.186,15.827,0.000,0.000,0.000,0.000,0.000,0.000,0.000,0.000,0.000,0.000,0.000,0.000,0.000,0.000,0.000,0.000,
2026/08/24,13:08:23,0.16,0.08,0.07,0.10,0.00,0.18,0.23,0.22,0.21,14.86,20.91,24.53,20.16,12.14,50.00,0.000,0.000,-0.000,-0.333,0.500,-1.000,1.000,0.250,0.00,0.00,-0.00,-0.00,0.00,0.00,-0.00,-0.00,0.00,0.00,0.00,0.00,23771,20151,23587,67509,7522,6618,7564,21704,3417,4331,3911,11659,2235,2519,2148,6902,32765,28850,33758,95373,61.164,73.381,79.267,60.835,72.931,78.651,6.331,8.110,9.861,19.635,16.439,17.652,19.231,14.255,16.095,3.966,8.187,7.248,0.424,0.248,0.190,2.664,3.010,2.756,1.660,1.616,1.790,1.337,1.243,1.267,166.495,106.225,49.255,40.111,0.000,86.607,148.096,358.330,312.047,189.773,86.607,180.756,148.096,128.918,121.219,250.137,1.670,134.561,318.322,0.169,0.089,0.075,0.104,0.000,0.129,0.066,0.050,0.090,0.000,0.185,0.241,0.233,0.209,0.145,0.187,0.181,0.171,15.484,21.596,24.824,20.283,13.117,14.696,20.674,24.197,20.053,12.144,50.000,50.000,0.000,0.000,-0.000,-0.333,0.000,0.000,-0.000,-0.333,1.000,-1.000,1.000,0.333,0.500,-1.000,1.000,0.250,0.000,0.000,-0.001,-0.001,0.000,0.000,-0.001,-0.001,0.000,0.000,-0.001,-0.001,0.000,0.000,-0.001,-0.001,0.002,0.001,0.000,0.004,0.002,0.001,0.000,0.004,14.502,28.100,36.619,26.407,2.828,5.418,6.991,15.238,0.335,1.380,1.318,3.034,2.964,5.677,7.186,15.827,0.000,0.000,0.000,0.000,0.000,0.000,0.000,0.000,0.000,0.000,0.000,0.000,0.000,0.000,0.000,0.000,
2026/08/24,13:08:28,0.16,0.08,0.07,0.10,0.00,0.17,0.23,0.22,0.21,15.55,20.98,8.88,15.44,12.98,50.00,0.000,0.000,-0.000,-0.333,0.500,-1.000,0.000,0.000,0.00,0.00,-0.00,-0.00,0.00,0.00,-0.00,-0.00,0.00,0.00,0.00,0.00,23771,20151,23587,67509,7522,6618,7564,21704,3417,4331,3911,11659,2235,2519,2148,6902,32765,28850,33758,95373,61.876,71.657,70.045,61.547,71.080,69.662,6.369,9.071,7.320,21.554,19.379,56.007,20.319,15.803,53.795,7.191,11.217,15.583,0.395,0.223,0.202,2.493,2.790,2.968,1.595,1.733,2.052,1.352,1.262,3.090,166.301,104.842,30.109,75.871,0.000,86.607,148.096,358.330,312.047,189.773,86.607,180.756,148.096,133.119,123.557,256.676,1.670,134.561,318.322,0.174,0.089,0.077,0.104,0.000,0.137,0.069,0.056,0.098,0.000,0.188,0.243,0.235,0.211,0.154,0.199,0.192,0.195,15.626,21.541,25.717,20.156,19.360,14.661,20.761,8.712,15.162,11.532,50.000,50.000,0.000,0.000,-0.000,-0.333,0.000,0.000,-0.000,-0.333,0.500,-1.000,1.000,0.250,0.500,-1.000,0.000,0.000,0.000,0.000,-0.001,-0.001,0.000,0.000,-0.001,-0.001,0.000,0.000,-0.001,-0.001,0.000,0.000,-0.001,-0.001,0.002,0.001,0.000,0.004,0.002,0.001,0.000,0.004,14.502,28.100,36.619,26.407,2.828,5.418,6.991,15.238,0.335,1.380,1.318,3.034,2.964,5.677,7.186,15.827,0.000,0.000,0.000,0.000,0.000,0.000,0.000,0.000,0.000,0.000,0.000,0.000,0.000,0.000,0.000,0.000,
2026/08/24,13:08:33,0.16,0.09,0.07,0.11,0.00,0.18,0.23,0.22,0.21,14.99,21.32,7.74,16.21,18.22,50.00,0.000,0.000,-0.000,-0.333,0.500,-1.000,0.000,0.000,0.00,0.00,-0.00,-0.00,0.00,0.00,-0.00,-0.00,0.00,0.00,0.00,0.00,23771,20151,23587,67509,7522,6618,7564,21704,3417,4331,3911,11659,2235,2519,2148,6902,32765,28850,33758,95373,62.722,74.215,71.702,62.534,73.621,71.195,4.852,9.367,8.509,26.351,22.764,27.105,21.995,17.592,22.356,14.512,14.448,15.327,0.413,0.235,0.201,2.630,2.929,2.819,1.719,1.734,2.716,1.401,1.289,1.652,166.949,105.052,31.210,72.716,0.000,86.607,148.096,358.330,312.047,189.773,86.607,180.756,148.096,128.285,300.762,69.750,1.670,134.561,318.322,0.168,0.090,0.079,0.106,0.000,0.151,0.070,0.060,0.101,0.000,0.183,0.243,0.235,0.213,0.163,0.214,0.207,0.195,15.727,21.586,20.278,17.056,18.220,14.619,20.829,4.826,15.250,9.797,50.000,50.000,0.000,0.000,-0.000,-0.333,0.000,0.000,-0.000,-0.333,0.500,-1.000,0.000,0.000,0.500,-1.000,0.000,0.000,0.000,0.000,-0.001,-0.001,0.000,0.000,-0.001,-0.001,0.000,0.000,-0.001,-0.001,0.000,0.000,-0.001,-0.001,0.002,0.001,0.000,0.004,0.002,0.001,0.000,0.004,14.502,28.100,36.619,26.407,2.828,5.418,6.991,15.238,0.335,1.380,1.318,3.034,2.964,5.677,7.186,15.827,0.000,0.000,0.000,0.000,0.000,0.000,0.000,0.000,0.000,0.000,0.000,0.000,0.000,0.000,0.000,0.000,
2026/08/24,13:08:38,0.16,0.07,0.06,0.10,0.00,0.17,0.23,0.22,0.21,15.36,21.10,0.28,12.16,18.33,50.00,0.000,0.000,-0.000,-0.333,0.500,-1.000,0.000,0.000,0.00,0.00,-0.00,-0.00,0.00,0.00,-0.00,-0.00,0.00,0.00,0.00,0.00,23771,20151,23587,67509,7522,6618,7564,21704,3417,4331,3911,11659,2235,2519,2148,6902,32765,28850,33758,95373,61.759,73.080,73.156,61.526,72.447,72.669,5.353,9.596,8.428,25.677,20.323,158.218,22.162,16.139,151.978,12.967,12.352,43.997,0.407,0.229,0.192,2.539,2.915,2.912,1.744,1.684,2.601,1.389,1.278,5.333,162.727,103.183,25.615,113.120,0.000,86.607,148.096,358.330,312.047,189.773,86.607,180.756,148.096,140.045,287.877,66.516,1.670,134.561,318.322,0.176,0.093,0.081,0.106,0.000,0.148,0.070,0.060,0.100,0.000,0.192,0.254,0.245,0.211,0.163,0.212,0.205,0.201,15.561,21.517,8.568,16.213,25.233,14.722,20.799,0.216,12.048,17.589,50.000,50.000,0.000,0.000,-0.000,-0.333,0.000,0.000,-0.000,-0.333,0.500,-1.000,0.000,0.000,0.500,-1.000,0.000,0.000,0.000,0.000,-0.001,-0.001,0.000,0.000,-0.001,-0.001,0.000,0.000,-0.001,-0.001,0.000,0.000,-0.001,-0.001,0.002,0.001,0.000,0.004,0.002,0.001,0.000,0.004,14.502,28.100,36.619,26.407,2.828,5.418,6.991,15.238,0.335,1.380,1.318,3.034,2.964,5.677,7.186,15.827,0.000,0.000,0.000,0.000,0.000,0.000,0.000,0.000,0.000,0.000,0.000,0.000,0.000,0.000,0.000,0.000,
2026/08/24,13:08:43,0.16,0.08,0.07,0.10,0.00,0.17,0.23,0.22,0.21,14.84,21.11,6.13,13.61,22.42,50.00,0.000,0.000,-0.000,-0.333,0.500,-1.000,0.000,0.000,0.00,0.00,-0.00,-0.00,0.00,0.00,-0.00,-0.00,0.00,0.00,0.00,0.00,23771,20151,23587,67509,7522,6618,7564,21704,3417,4331,3911,11659,2235,2519,2148,6902,32765,28850,33758,95373,61.750,69.872,71.407,61.524,69.416,70.947,5.282,7.973,8.088,23.114,17.368,32.656,20.678,15.113,32.563,10.328,8.559,2.474,0.403,0.258,0.211,2.525,3.235,3.256,1.708,1.612,1.944,1.375,1.249,1.830,168.803,107.201,27.625,84.699,0.000,86.607,148.096,358.330,312.047,189.773,86.607,180.756,148.096,140.115,275.414,54.299,1.670,134.561,318.322,0.169,0.090,0.078,0.105,0.000,0.147,0.070,0.057,0.099,0.000,0.186,0.240,0.232,0.213,0.164,0.211,0.205,0.198,15.776,21.557,6.246,13.612,22.416,14.629,20.793,0.262,12.121,17.699,50.000,50.000,0.000,0.000,-0.000,-0.333,0.000,0.000,-0.000,-0.333,0.500,-1.000,0.000,0.000,0.500,-1.000,0.000,0.000,0.000,0.000,-0.001,-0.001,0.000,0.000,-0.001,-0.001,0.000,0.000,-0.001,-0.001,0.000,0.000,-0.001,-0.001,0.002,0.001,0.000,0.004,0.002,0.001,0.000,0.004,14.502,28.100,36.619,26.407,2.828,5.418,6.991,15.238,0.335,1.380,1.318,3.034,2.964,5.677,7.186,15.827,0.000,0.000,0.000,0.000,0.000,0.000,0.000,0.000,0.000,0.000,0.000,0.000,0.000,0.000,0.000,0.000,
2026/08/24,13:08:48,0.16,0.08,0.07,0.10,0.00,0.18,0.23,0.22,0.21,15.10,20.87,25.07,20.12,25.46,50.00,0.000,0.000,-0.000,-0.333,0.500,-1.000,1.000,0.250,0.00,0.00,-0.00,-0.00,0.00,0.00,-0.00,-0.00,0.00,0.00,0.00,0.00,23771,20151,23587,67509,7522,6618,7564,21704,3417,4331,3911,11659,2235,2519,2148,6902,32765,28850,33758,95373,63.046,71.081,74.726,62.828,70.694,74.390,5.236,7.408,7.079,23.609,13.994,78.570,21.329,13.622,77.418,10.124,3.205,13.408,0.430,0.232,0.194,2.595,3.206,2.911,1.713,1.605,1.956,1.380,1.223,4.355,163.555,103.162,45.223,44.839,0.000,86.607,148.096,358.330,312.047,189.773,86.607,180.756,148.096,127.898,177.381,305.279,1.670,134.561,318.322,0.171,0.090,0.076,0.104,0.000,0.147,0.071,0.056,0.098,0.000,0.184,0.242,0.234,0.212,0.163,0.211,0.204,0.199,15.597,21.619,27.077,20.119,25.653,14.670,20.852,3.557,13.574,19.069,50.000,50.000,0.000,0.000,-0.000,-0.333,0.000,0.000,-0.000,-0.333,0.500,-1.000,0.000,0.250,0.500,-1.000,0.000,0.000,0.000,0.000,-0.001,-0.001,0.000,0.000,-0.001,-0.001,0.000,0.000,-0.001,-0.001,0.000,0.000,-0.001,-0.001,0.002,0.001,0.000,0.004,0.002,0.001,0.000,0.004,14.502,28.100,36.619,26.407,2.828,5.418,6.991,15.238,0.335,1.380,1.318,3.034,2.964,5.677,7.186,15.827,0.000,0.000,0.000,0.000,0.000,0.000,0.000,0.000,0.000,0.000,0.000,0.000,0.000,0.000,0.000,0.000,
2026/08/24,13:08:53,0.16,0.07,0.07,0.10,0.00,0.17,0.23,0.22,0.21,15.35,21.29,25.07,19.85,25.71,50.00,0.000,0.000,-0.000,0.000,0.500,-1.000,1.000,0.250,0.00,0.00,0.00,0.00,0.00,0.00,-0.00,-0.00,0.00,0.00,0.00,0.00,23771,20151,23587,67509,7522,6618,7564,21704,3417,4331,3911,11659,2235,2519,2148,6902,32765,28850,33758,95373,61.732,72.410,74.472,61.469,71.784,74.005,5.689,9.500,8.321,19.068,19.731,86.622,18.809,16.386,82.140,3.129,10.991,27.503,0.418,0.250,0.233,2.711,3.096,3.359,1.670,1.605,1.910,1.328,1.252,4.397,166.276,105.382,43.482,47.353,0.000,86.607,148.096,358.330,312.047,189.773,86.607,180.756,148.096,129.094,202.869,331.963,1.670,134.561,318.322,0.169,0.088,0.080,0.106,0.000,0.145,0.068,0.057,0.099,0.000,0.184,0.245,0.236,0.215,0.161,0.208,0.202,0.202,15.847,21.664,28.060,20.229,26.641,14.629,20.814,21.803,19.854,22.771,50.000,50.000,0.000,0.000,-0.000,0.000,0.000,0.000,-0.000,-0.333,0.500,-1.000,1.000,0.250,0.500,-1.000,1.000,0.250,0.000,0.000,0.000,0.000,0.000,0.000,-0.001,-0.001,0.000,0.000,-0.001,-0.001,0.000,0.000,-0.001,-0.001,0.002,0.001,0.000,0.004,0.002,0.001,0.000,0.004,14.502,28.100,36.619,26.407,2.828,5.418,6.991,15.238,0.335,1.380,1.318,3.034,2.964,5.677,7.186,15.827,0.000,0.000,0.000,0.000,0.000,0.000,0.000,0.000,0.000,0.000,0.000,0.000,0.000,0.000,0.000,0.000,
2026/08/24,13:08:58,0.16,0.08,0.08,0.10,0.00,0.17,0.23,0.23,0.21,14.88,21.63,22.40,19.80,24.39,50.00,0.000,0.000,-0.000,0.000,0.500,-1.000,1.000,0.250,0.00,0.00,0.00,0.00,0.00,0.00,-0.00,-0.00,0.00,0.00,0.00,0.00,23771,20151,23587,67509,7522,6618,7564,21704,3417,4331,3911,11659,2235,2519,2148,6902,32765,28850,33758,95373,62.014,73.735,73.222,61.686,73.052,72.645,6.368,10.015,9.173,21.190,20.479,87.839,19.684,16.565,85.542,7.845,12.042,19.955,0.416,0.257,0.197,2.702,3.375,3.012,1.632,1.722,1.819,1.348,1.265,4.700,165.197,104.811,42.264,49.219,0.000,86.607,148.096,358.330,312.047,189.773,86.607,180.756,148.096,123.416,184.113,308.197,1.670,134.561,318.322,0.168,0.089,0.081,0.106,0.000,0.148,0.068,0.059,0.100,0.000,0.182,0.242,0.233,0.211,0.161,0.208,0.202,0.200,15.716,21.635,25.067,19.996,26.497,14.737,20.812,19.948,19.457,22.878,50.000,50.000,0.000,0.000,-0.000,0.000,0.000,0.000,-0.000,0.000,0.500,-1.000,1.000,0.250,0.500,-1.000,1.000,0.250,0.000,0.000,0.000,0.000,0.000,0.000,0.000,0.000,0.000,0.000,-0.001,-0.001,0.000,0.000,-0.001,-0.001,0.002,0.001,0.000,0.004,0.002,0.001,0.000,0.004,14.502,28.100,36.619,26.407,2.828,5.418,6.991,15.238,0.335,1.380,1.318,3.034,2.964,5.677,7.186,15.827,0.000,0.000,0.000,0.000,0.000,0.000,0.000,0.000,0.000,0.000,0.000,0.000,0.000,0.000,0.000,0.000,
2026/08/24,13:09:03,0.15,0.07,0.07,0.10,0.00,0.17,0.22,0.22,0.20,14.96,21.04,20.90,18.99,22.73,50.00,0.000,0.000,-0.000,0.000,0.500,-1.000,1.000,0.250,0.00,0.00,0.00,0.00,0.00,0.00,-0.00,-0.00,0.00,0.00,0.00,0.00,23771,20151,23587,67509,7522,6618,7564,21704,3417,4331,3911,11659,2235,2519,2148,6902,32765,28850,33758,95373,61.639,74.712,72.397,61.337,73.989,71.889,6.093,10.373,8.562,21.835,17.141,90.150,20.435,14.749,86.482,7.695,8.734,25.452,0.408,0.238,0.178,2.659,3.196,2.904,1.748,1.650,2.094,1.371,1.254,4.623,159.155,100.051,40.009,53.042,0.000,86.607,148.096,358.330,312.047,189.773,86.607,180.756,148.096,133.348,180.650,312.029,1.670,134.561,318.322,0.169,0.087,0.082,0.103,0.000,0.149,0.067,0.058,0.099,0.000,0.182,0.242,0.234,0.212,0.164,0.211,0.204,0.200,15.524,21.735,24.395,20.043,24.699,14.723,20.894,19.983,18.828,21.913,50.000,50.000,0.000,0.000,-0.000,0.000,0.000,0.000,-0.000,0.000,0.500,-1.000,1.000,0.250,0.500,-1.000,1.000,0.250,0.000,0.000,0.000,0.000,0.000,0.000,0.000,0.000,0.000,0.000,-0.001,-0.001,0.000,0.000,-0.001,-0.001,0.002,0.001,0.000,0.004,0.002,0.001,0.000,0.004,14.502,28.100,36.619,26.407,2.828,5.418,6.991,15.238,0.335,1.380,1.318,3.034,2.964,5.677,7.186,15.827,0.000,0.000,0.000,0.000,0.000,0.000,0.000,0.000,0.000,0.000,0.000,0.000,0.000,0.000,0.000,0.000,
2026/08/24,13:09:08,0.16,0.08,0.07,0.10,0.00,0.17,0.22,0.22,0.20,15.09,21.10,26.64,21.19,25.81,50.00,0.000,0.000,0.000,0.000,0.500,-1.000,1.000,0.250,0.00,0.00,0.00,0.00,0.00,0.00,-0.00,-0.00,0.00,0.00,0.00,0.00,23771,20151,23587,67509,7522,6618,7564,21704,3417,4331,3911,11659,2235,2519,2148,6902,32765,28850,33758,95373,61.087,74.269,71.263,60.759,73.661,70.406,6.323,9.480,11.015,26.082,13.528,81.906,22.025,13.229,80.294,13.970,2.829,16.167,0.440,0.241,0.203,2.692,2.987,3.175,1.742,1.590,1.818,1.408,1.220,4.468,159.048,100.830,44.776,45.341,0.000,86.607,148.096,358.330,312.047,189.773,86.607,180.756,148.096,133.084,183.146,318.076,1.670,134.561,318.322,0.167,0.088,0.076,0.103,0.000,0.147,0.069,0.061,0.099,0.000,0.181,0.237,0.230,0.210,0.161,0.211,0.204,0.200,15.426,21.569,31.031,21.187,29.660,14.729,20.918,19.948,18.995,21.380,50.000,50.000,0.000,0.000,-0.000,0.000,0.000,0.000,-0.000,0.000,0.500,-1.000,1.000,0.250,0.500,-1.000,1.000,0.250,0.000,0.000,0.000,0.000,0.000,0.000,0.000,0.000,0.000,0.000,-0.001,-0.001,0.000,0.000,-0.001,-0.001,0.002,0.001,0.001,0.005,0.002,0.001,0.000,0.004,14.502,28.100,36.619,26.407,2.828,5.418,6.991,15.238,0.335,1.380,1.318,3.034,2.964,5.677,7.186,15.827,0.000,0.000,0.000,0.000,0.000,0.000,0.000,0.000,0.000,0.000,0.000,0.000,0.000,0.000,0.000,0.000,
2026/08/24,13:09:13,0.16,0.07,0.07,0.10,0.00,0.17,0.23,0.23,0.21,15.20,21.17,23.48,19.35,22.82,50.00,0.000,0.000,0.000,0.000,0.500,-1.000,1.000,0.250,0.00,0.00,0.00,0.00,0.00,0.00,-0.00,-0.00,0.00,0.00,0.00,0.00,23771,20151,23587,67509,7522,6618,7564,21704,3417,4331,3911,11659,2235,2519,2148,6902,32765,28850,33758,95373,63.311,76.682,71.284,62.924,76.253,70.589,6.988,8.099,9.930,26.123,20.801,81.628,22.644,16.402,79.969,13.025,12.792,16.373,0.414,0.238,0.205,2.537,3.077,2.718,1.688,1.697,1.894,1.398,1.254,4.479,155.729,97.096,43.558,47.166,0.000,86.607,148.096,358.330,312.047,189.773,86.607,180.756,148.096,121.254,180.861,302.115,1.670,134.561,318.322,0.172,0.088,0.080,0.106,0.000,0.151,0.068,0.062,0.101,0.000,0.186,0.246,0.238,0.215,0.162,0.217,0.210,0.204,15.361,21.537,33.034,22.384,31.603,14.664,20.866,21.541,19.348,20.844,50.000,50.000,0.000,0.000,0.000,0.000,0.000,0.000,0.000,0.000,0.500,-1.000,1.000,0.250,0.500,-1.000,1.000,0.250,0.000,0.000,0.000,0.000,0.000,0.000,0.000,0.000,0.000,0.000,-0.001,-0.001,0.000,0.000,-0.001,-0.001,0.002,0.001,0.001,0.005,0.002,0.001,0.000,0.004,14.502,28.100,36.619,26.407,2.828,5.418,6.991,15.238,0.335,1.380,1.318,3.034,2.964,5.677,7.186,15.827,0.000,0.000,0.000,0.000,0.000,0.000,0.000,0.000,0.000,0.000,0.000,0.000,0.000,0.000,0.000,0.000,
2026/08/24,13:09:18,0.17,0.08,0.07,0.10,0.00,0.18,0.24,0.23,0.22,15.24,21.13,20.67,18.60,18.00,50.00,0.000,0.000,-0.000,0.000,0.500,-1.000,1.000,0.250,0.00,0.00,0.00,0.00,0.00,0.00,-0.00,-0.00,0.00,0.00,0.00,0.00,23771,20151,23587,67509,7522,6618,7564,21704,3417,4331,3911,11659,2235,2519,2148,6902,32765,28850,33758,95373,61.251,73.513,71.391,60.986,73.135,71.094,5.697,7.443,6.500,26.609,19.890,78.298,22.484,15.942,76.670,14.230,11.894,15.884,0.416,0.219,0.226,2.632,2.832,3.368,1.813,1.704,2.067,1.412,1.272,4.315,158.440,98.938,40.277,52.571,0.000,86.607,148.096,358.330,312.047,189.773,86.607,180.756,148.096,130.535,166.693,297.229,1.670,134.561,318.322,0.169,0.087,0.079,0.103,0.000,0.151,0.069,0.062,0.100,0.000,0.183,0.244,0.236,0.210,0.164,0.213,0.206,0.203,15.360,21.358,24.535,19.545,22.851,14.762,20.744,19.364,18.559,17.960,50.000,50.000,0.000,0.000,0.000,0.000,0.000,0.000,0.000,0.000,0.500,-1.000,1.000,0.250,0.500,-1.000,1.000,0.250,0.000,0.000,0.000,0.000,0.000,0.000,0.000,0.000,0.000,0.000,-0.001,-0.001,0.000,0.000,-0.001,-0.001,0.002,0.001,0.001,0.005,0.002,0.001,0.000,0.004,14.502,28.100,36.619,26.407,2.828,5.418,6.991,15.238,0.335,1.380,1.318,3.034,2.964,5.677,7.186,15.827,0.000,0.000,0.000,0.000,0.000,0.000,0.000,0.000,0.000,0.000,0.000,0.000,0.000,0.000,0.000,0.000,
2026/08/24,13:09:23,0.16,0.07,0.07,0.10,0.00,0.17,0.23,0.23,0.21,15.15,20.96,19.74,18.02,16.60,50.00,0.000,0.000,0.000,0.000,0.500,-1.000,1.000,0.250,0.00,0.00,0.00,0.00,0.00,0.00,-0.00,-0.00,0.00,0.00,0.00,0.00,23771,20151,23587,67509,7522,6618,7564,21704,3417,4331,3911,11659,2235,2519,2148,6902,32765,28850,33758,95373,60.011,73.010,69.277,59.713,72.365,68.967,5.969,9.686,6.544,24.927,14.631,67.806,22.350,13.815,65.814,11.036,4.818,16.313,0.410,0.241,0.205,2.559,3.201,2.868,1.701,1.660,2.199,1.392,1.231,3.701,157.885,98.335,40.609,51.947,0.000,86.607,148.096,358.330,312.047,189.773,86.607,180.756,148.096,145.248,170.033,315.281,1.670,134.561,318.322,0.170,0.089,0.081,0.106,0.000,0.150,0.067,0.063,0.100,0.000,0.184,0.247,0.239,0.218,0.164,0.216,0.209,0.204,15.579,21.531,22.304,19.028,20.702,14.539,20.835,17.997,18.016,16.234,50.000,50.000,0.000,0.000,-0.000,0.000,0.000,0.000,-0.000,0.000,0.500,-1.000,1.000,0.250,0.500,-1.000,1.000,0.250,0.000,0.000,0.000,0.000,0.000,0.000,0.000,0.000,0.000,0.000,-0.001,-0.001,0.000,0.000,-0.001,-0.001,0.002,0.001,0.001,0.005,0.002,0.001,0.000,0.004,14.502,28.100,36.619,26.407,2.828,5.418,6.991,15.238,0.335,1.380,1.318,3.034,2.964,5.677,7.186,15.827,0.000,0.000,0.000,0.000,0.000,0.000,0.000,0.000,0.000,0.000,0.000,0.000,0.000,0.000,0.000,0.000,
2026/08/24,13:09:28,0.17,0.09,0.07,0.11,0.00,0.18,0.24,0.23,0.22,14.73,21.32,19.26,18.31,15.43,50.00,0.000,0.000,0.000,0.000,0.500,-1.000,1.000,0.250,0.00,0.00,0.00,0.00,0.00,0.00,-0.00,-0.00,0.00,0.00,0.00,0.00,23771,20151,23587,67509,7522,6618,7564,21704,3417,4331,3911,11659,2235,2519,2148,6902,32765,28850,33758,95373,62.181,73.060,70.373,62.010,72.526,69.926,4.617,8.821,7.919,23.555,17.872,52.788,21.037,15.648,51.599,10.596,8.634,11.144,0.434,0.248,0.217,2.554,2.973,2.765,1.666,1.773,1.964,1.377,1.240,2.938,153.627,95.501,42.322,49.051,0.000,86.607,148.096,358.330,312.047,189.773,86.607,180.756,148.096,138.885,175.025,313.910,1.670,134.561,318.322,0.178,0.086,0.081,0.108,0.000,0.153,0.066,0.063,0.099,0.000,0.191,0.253,0.245,0.221,0.166,0.219,0.212,0.200,15.529,21.607,20.554,18.801,17.127,14.496,20.802,15.809,18.016,13.705,50.000,50.000,0.000,0.000,0.000,0.000,0.000,0.000,0.000,0.000,0.500,-1.000,1.000,0.250,0.500,-1.000,1.000,0.250,0.000,0.000,0.000,0.000,0.000,0.000,0.000,0.000,0.000,0.000,-0.001,-0.001,0.000,0.000,-0.001,-0.001,0.002,0.001,0.001,0.005,0.002,0.001,0.000,0.004,14.502,28.100,36.619,26.407,2.828,5.418,6.991,15.238,0.335,1.380,1.318,3.034,2.964,5.677,7.186,15.827,0.000,0.000,0.000,0.000,0.000,0.000,0.000,0.000,0.000,0.000,0.000,0.000,0.000,0.000,0.000,0.000,
2026/08/24,13:09:33,0.14,0.07,0.07,0.10,0.00,0.16,0.21,0.20,0.19,14.73,21.11,7.65,14.47,11.50,50.00,0.000,0.000,-0.000,0.000,1.000,-1.000,0.000,0.000,0.00,0.00,0.00,0.00,0.00,0.00,-0.00,-0.00,0.00,0.00,0.00,0.00,23771,20151,23587,67509,7522,6618,7564,21704,3417,4331,3911,11659,2235,2519,2148,6902,32765,28850,33758,95373,62.613,75.801,74.698,62.298,75.308,74.135,6.271,8.629,9.158,19.682,18.677,25.760,19.572,15.936,20.621,2.083,9.741,15.439,0.377,0.225,0.199,2.652,3.138,2.947,1.611,1.610,1.756,1.363,1.260,1.376,162.925,101.103,29.773,77.226,0.000,86.607,148.096,358.330,312.047,189.773,86.607,180.756,148.096,136.213,113.555,249.768,1.670,134.561,318.322,0.180,0.093,0.084,0.111,0.000,0.135,0.064,0.060,0.094,0.000,0.197,0.263,0.254,0.227,0.148,0.198,0.192,0.192,15.541,21.419,18.608,18.307,15.518,14.456,20.745,7.515,14.475,9.909,50.000,50.000,0.000,0.000,0.000,0.000,0.000,0.000,0.000,0.000,0.500,-1.000,1.000,0.250,0.500,-1.000,0.000,0.000,0.000,0.000,0.000,0.000,0.000,0.000,0.000,0.000,0.000,0.000,-0.001,-0.001,0.000,0.000,-0.001,-0.001,0.002,0.001,0.001,0.005,0.002,0.001,0.000,0.004,14.502,28.100,36.619,26.407,2.828,5.418,6.991,15.238,0.335,1.380,1.318,3.034,2.964,5.677,7.186,15.827,0.000,0.000,0.000,0.000,0.000,0.000,0.000,0.000,0.000,0.000,0.000,0.000,0.000,0.000,0.000,0.000,
2026/08/24,13:09:38,0.17,0.09,0.08,0.11,0.00,0.19,0.25,0.24,0.22,14.77,21.18,7.55,14.45,11.92,50.00,0.000,0.000,-0.000,0.000,0.500,-1.000,0.000,0.000,0.00,0.00,0.00,0.00,0.00,0.00,-0.00,-0.00,0.00,0.00,0.00,0.00,23771,20151,23587,67509,7522,6618,7564,21704,3417,4331,3911,11659,2235,2519,2148,6902,32765,28850,33758,95373,60.567,68.268,69.314,60.362,67.690,68.832,4.982,8.869,8.156,19.563,18.427,24.463,19.291,14.996,20.305,3.256,10.709,13.644,0.430,0.264,0.220,2.568,3.035,2.866,1.625,1.715,1.782,1.344,1.258,1.353,169.979,106.579,29.607,77.755,0.000,86.607,148.096,358.330,312.047,189.773,86.607,180.756,148.096,121.307,134.824,256.131,1.670,134.561,318.322,0.179,0.098,0.083,0.110,0.000,0.132,0.062,0.057,0.090,0.000,0.194,0.260,0.252,0.218,0.143,0.197,0.190,0.179,15.398,21.643,7.729,14.626,12.027,14.564,20.695,7.299,14.453,11.440,50.000,50.000,0.000,0.000,-0.000,0.000,0.000,0.000,-0.000,0.000,1.000,-1.000,0.000,0.000,0.500,-1.000,0.000,0.000,0.000,0.000,0.000,0.000,0.000,0.000,0.000,0.000,0.000,0.000,-0.001,-0.001,0.000,0.000,-0.001,-0.001,0.002,0.001,0.000,0.004,0.002,0.001,0.000,0.004,14.502,28.100,36.619,26.407,2.828,5.418,6.991,15.238,0.335,1.380,1.318,3.034,2.964,5.677,7.186,15.827,0.000,0.000,0.000,0.000,0.000,0.000,0.000,0.000,0.000,0.000,0.000,0.000,0.000,0.000,0.000,0.000,
2026/08/24,13:09:43,0.14,0.08,0.07,0.10,0.00,0.16,0.21,0.20,0.19,15.05,21.03,7.49,14.40,11.99,50.00,0.000,0.000,-0.000,0.000,0.500,-1.000,0.000,0.000,0.00,0.00,0.00,0.00,0.00,0.00,-0.00,-0.00,0.00,0.00,0.00,0.00,23771,20151,23587,67509,7522,6618,7564,21704,3417,4331,3911,11659,2235,2519,2148,6902,32765,28850,33758,95373,60.902,75.009,70.007,60.579,74.669,69.449,6.260,7.133,8.819,27.031,12.984,26.332,22.484,12.912,21.152,15.005,1.360,15.684,0.380,0.235,0.223,2.606,3.124,2.950,1.720,1.593,1.893,1.431,1.213,1.415,161.754,99.365,29.573,77.790,0.000,86.607,148.096,358.330,312.047,189.773,86.607,180.756,148.096,125.508,129.814,255.199,1.670,134.561,318.322,0.176,0.099,0.088,0.110,0.000,0.134,0.067,0.059,0.097,0.000,0.194,0.262,0.253,0.220,0.150,0.198,0.192,0.195,15.499,21.606,7.666,14.570,13.332,14.533,20.754,7.322,14.400,11.409,50.000,50.000,0.000,0.000,-0.000,0.000,0.000,0.000,-0.000,0.000,1.000,-1.000,0.000,0.000,0.500,-1.000,0.000,0.000,0.000,0.000,0.000,0.000,0.000,0.000,0.000,0.000,0.000,0.000,-0.001,-0.001,0.000,0.000,-0.001,-0.001,0.002,0.001,0.000,0.004,0.002,0.001,0.000,0.004,14.502,28.100,36.619,26.407,2.828,5.418,6.991,15.238,0.335,1.380,1.318,3.034,2.964,5.677,7.186,15.827,0.000,0.000,0.000,0.000,0.000,0.000,0.000,0.000,0.000,0.000,0.000,0.000,0.000,0.000,0.000,0.000,
2026/08/24,13:09:48,232.99,4.21,231.57,79.25,0.00,236.44,100.47,402.15,246.36,15.04,20.83,7.47,14.48,12.09,49.98,0.963,-0.813,0.000,0.924,1.000,-0.849,1.000,0.953,3.41,-0.07,0.00,3.34,0.03,-0.05,0.00,-0.02,3.52,0.09,0.00,3.61,23773,20151,23587,67511,7522,6618,7564,21704,3417,4331,3911,11659,2235,2519,2148,6902,32767,28851,33758,95376,2.032,20.060,2.794,2.029,19.667,2.738,0.112,3.953,0.559,21.625,14.544,26.046,20.380,13.752,21.953,7.233,4.733,14.016,322.436,27.826,322.459,1.385,6.602,1.393,1.623,1.701,1.780,1.375,1.233,1.396,50.176,50.208,32.430,24.341,0.000,144.896,119.918,355.236,228.445,108.949,144.896,335.021,119.918,126.598,118.811,245.953,4.764,276.451,10.969,251.385,5.990,235.060,79.366,0.000,0.130,0.067,0.063,0.098,0.000,254.984,236.537,425.585,233.478,0.145,0.201,0.194,0.191,16.115,21.526,7.731,14.549,12.326,14.586,20.709,7.180,14.400,11.653,50.000,49.968,0.968,0.000,-0.000,0.934,0.000,-0.821,-0.000,0.000,1.000,-0.847,1.000,0.953,0.500,-1.000,0.000,0.000,3.419,0.000,0.000,3.345,0.000,-0.074,0.000,0.000,0.065,0.000,0.000,0.018,0.000,-0.047,-0.001,-0.018,3.558,0.092,0.005,3.653,0.002,0.001,0.000,0.004,14.502,28.100,36.619,26.407,2.828,5.418,6.991,15.238,0.335,1.380,1.318,3.034,2.964,5.677,7.186,15.827,0.000,0.000,0.000,0.000,0.000,0.000,0.000,0.000,0.000,0.000,0.000,0.000,0.000,0.000,0.000,0.000,
2026/08/24,13:09:53,232.90,235.07,231.93,233.21,0.00,405.43,402.50,402.54,403.49,14.94,20.94,7.59,14.62,11.46,49.96,0.969,0.966,0.922,0.956,1.000,0.990,0.976,0.991,3.41,4.79,1.64,9.84,0.04,0.68,0.36,1.09,3.54,4.96,1.78,10.29,23778,20154,23589,67521,7522,6618,7564,21704,3417,4332,3912,11661,2235,2519,2148,6902,32772,28853,33760,95385,1.805,1.688,1.502,1.789,1.684,1.494,0.239,0.107,0.156,24.292,18.601,25.273,21.136,15.760,20.033,11.973,9.881,15.407,323.409,325.337,322.594,1.388,1.385,1.390,1.643,1.693,1.820,1.419,1.258,1.386,0.409,0.371,34.335,20.394,0.000,239.924,119.988,3.270,231.961,110.654,239.924,240.029,119.988,131.520,122.045,255.199,356.730,7.963,9.334,240.528,235.419,239.476,233.387,0.000,223.879,4.207,222.951,79.250,0.000,407.982,419.161,415.524,403.619,236.227,98.060,386.806,245.984,15.584,21.452,7.672,14.619,12.154,14.242,20.124,7.127,14.455,11.453,49.979,49.964,0.975,0.978,0.933,0.985,0.963,-0.813,0.000,0.924,1.000,0.998,1.000,0.994,1.000,-0.849,0.976,0.953,3.423,4.805,1.640,9.859,3.413,-0.074,0.000,3.340,0.045,0.696,0.368,1.102,0.029,-0.088,0.000,-0.018,3.558,4.964,1.784,10.287,3.501,0.088,0.004,3.615,14.502,28.100,36.619,26.407,2.828,5.418,6.991,15.238,0.335,1.380,1.318,3.034,2.964,5.677,7.186,15.827,0.000,0.000,0.000,0.000,0.000,0.000,0.000,0.000,0.000,0.000,0.000,0.000,0.000,0.000,0.000,0.000,
2026/08/24,13:09:58,232.85,234.89,231.92,233.21,0.00,405.38,402.27,402.44,403.36,15.31,21.03,7.39,14.60,12.23,49.97,0.972,0.965,0.924,0.956,1.000,0.990,0.976,0.991,3.42,4.79,1.64,9.85,0.04,0.69,0.37,1.09,3.54,4.98,1.77,10.30,23784,20162,23592,67538,7522,6618,7564,21704,3417,4333,3912,11662,2235,2519,2148,6902,32778,28862,33763,95403,2.030,1.960,1.785,2.024,1.957,1.784,0.155,0.106,0.042,25.161,23.302,25.607,21.637,17.583,21.001,12.844,15.291,14.652,322.574,325.079,322.126,1.385,1.384,1.389,1.651,1.654,1.842,1.406,1.305,1.383,0.422,0.353,34.960,19.826,0.000,239.854,119.971,356.906,224.684,103.061,239.854,240.117,119.971,134.771,121.623,256.395,3.094,15.170,16.910,233.333,235.271,232.444,233.427,0.000,232.727,234.241,231.727,233.211,0.000,406.410,403.012,403.061,403.714,405.131,402.128,401.801,403.368,15.611,21.493,7.670,14.619,12.286,14.677,20.547,7.307,14.404,11.418,49.972,49.964,0.974,0.976,0.926,0.967,0.963,0.965,0.922,0.956,1.000,0.990,0.976,0.991,1.000,0.989,0.975,0.991,3.422,4.791,1.643,9.853,3.413,4.784,1.637,9.840,0.045,0.695,0.373,1.102,0.035,0.673,0.364,1.084,3.553,4.983,1.784,10.301,3.500,4.900,1.768,10.178,14.502,28.100,36.619,26.407,2.828,5.418,6.991,15.238,0.335,1.380,1.318,3.034,2.964,5.677,7.186,15.827,0.000,0.000,0.000,0.000,0.000,0.000,0.000,0.000,0.000,0.000,0.000,0.000,0.000,0.000,0.000,0.000,
2026/08/24,13:10:03,232.74,234.91,231.78,233.29,0.00,405.33,401.86,402.36,403.18,15.14,21.23,7.53,14.52,11.90,49.98,0.965,0.974,0.925,0.963,1.000,0.990,0.975,0.991,3.44,4.80,1.64,9.88,0.03,0.68,0.37,1.09,3.55,4.93,1.78,10.26,23788,20168,23593,67549,7522,6618,7564,21704,3417,4334,3913,11664,2235,2519,2148,6902,32782,28868,33765,95415,1.986,1.884,1.703,1.981,1.883,1.692,0.143,0.076,0.191,18.503,21.393,26.428,18.412,16.482,21.062,1.829,13.637,15.962,323.036,325.229,322.707,1.387,1.384,1.391,1.601,1.708,1.846,1.326,1.280,1.403,0.421,0.387,32.830,22.736,0.000,239.836,120.041,1.652,235.230,106.084,239.836,240.205,120.041,126.879,129.146,256.025,358.348,4.605,13.957,233.287,235.322,232.248,233.550,0.000,232.716,234.833,231.748,233.212,0.000,406.202,402.950,403.248,403.973,405.171,401.863,401.942,403.377,15.599,21.325,7.640,14.598,12.558,14.792,20.608,7.307,14.448,11.360,49.977,49.969,0.974,0.977,0.927,0.967,0.964,0.965,0.924,0.956,1.000,0.990,0.976,0.991,1.000,0.990,0.975,0.991,3.442,4.801,1.642,9.881,3.422,4.787,1.637,9.850,0.041,0.692,0.372,1.102,0.033,0.683,0.370,1.085,3.567,4.983,1.779,10.301,3.515,4.907,1.770,10.195,14.502,28.100,36.619,26.407,2.828,5.418,6.991,15.238,0.335,1.380,1.318,3.034,2.964,5.677,7.186,15.827,0.000,0.000,0.000,0.000,0.000,0.000,0.000,0.000,0.000,0.000,0.000,0.000,0.000,0.000,0.000,0.000,
2026/08/24,13:10:08,235.62,237.74,234.70,233.13,0.00,410.21,407.06,407.28,408.18,15.34,21.19,7.62,14.73,13.03,49.97,0.969,0.977,0.923,0.960,1.000,0.991,0.975,0.991,3.45,4.82,1.64,9.91,0.03,0.67,0.37,1.07,3.59,4.95,1.79,10.32,23793,20175,23596,67564,7522,6618,7564,21704,3417,4335,3913,11665,2235,2519,2148,6902,32787,28875,33768,95430,1.745,1.658,1.469,1.742,1.657,1.466,0.091,0.047,0.092,25.686,18.880,26.242,21.778,15.438,21.093,13.620,10.869,15.612,326.302,328.829,326.232,1.385,1.384,1.390,1.696,1.707,1.913,1.429,1.270,1.414,0.407,0.353,36.354,18.893,0.000,239.871,119.988,355.271,220.131,102.533,239.871,240.117,119.988,135.141,117.598,252.738,4.729,19.740,17.455,235.678,237.744,234.758,233.397,0.000,232.688,234.734,231.661,233.132,0.000,410.332,407.254,407.280,403.649,404.990,401.780,401.886,403.193,15.806,21.515,7.668,14.754,13.027,14.819,20.684,7.308,14.520,11.457,49.978,49.968,0.975,0.977,0.926,0.965,0.964,0.966,0.922,0.960,1.000,0.990,0.975,0.991,1.000,0.990,0.975,0.991,3.454,4.819,1.639,9.909,3.442,4.801,1.636,9.881,0.040,0.687,0.372,1.099,0.033,0.670,0.367,1.072,3.589,4.966,1.786,10.321,3.530,4.935,1.764,10.257,14.502,28.100,36.619,26.407,2.828,5.418,6.991,15.238,0.335,1.380,1.318,3.034,2.964,5.677,7.186,15.827,0.000,0.000,0.000,0.000,0.000,0.000,0.000,0.000,0.000,0.000,0.000,0.000,0.000,0.000,0.000,0.000,
2026/08/24,13:10:13,235.56,237.64,234.52,235.65,0.00,410.21,406.82,406.96,408.00,15.11,21.09,7.52,14.67,11.43,49.97,0.961,0.967,0.916,0.960,0.999,0.988,0.971,0.989,3.49,4.85,1.64,9.98,0.12,0.76,0.41,1.29,3.63,4.99,1.79,10.40,23797,20180,23598,67575,7522,6618,7564,21704,3417,4336,3914,11667,2235,2519,2148,6902,32791,28880,33770,95441,1.743,1.601,1.467,1.734,1.595,1.463,0.175,0.134,0.107,20.516,15.138,25.991,19.953,13.410,21.608,4.774,7.024,14.444,326.432,328.752,325.919,1.389,1.384,1.389,1.634,1.667,1.806,1.374,1.230,1.425,0.446,0.328,27.525,27.327,0.000,239.801,119.936,351.984,231.592,112.641,239.801,240.135,119.936,120.393,118.951,239.344,8.016,8.209,7.295,235.865,237.922,234.937,235.935,0.000,234.661,236.072,233.585,233.132,0.000,410.803,407.473,407.605,408.185,408.714,405.202,405.346,407.794,15.623,21.638,7.734,14.728,13.261,14.768,20.763,7.333,14.592,11.424,49.973,49.966,0.969,0.977,0.923,0.960,0.961,0.961,0.916,0.954,1.000,0.991,0.975,0.991,1.000,0.986,0.971,0.988,3.495,4.867,1.654,9.992,3.454,4.819,1.636,9.909,0.121,0.829,0.410,1.319,0.033,0.670,0.369,1.072,3.627,5.067,1.801,10.466,3.589,4.946,1.786,10.321,14.502,28.100,36.619,26.407,2.828,5.418,6.991,15.238,0.335,1.380,1.318,3.034,2.964,5.677,7.186,15.827,0.000,0.000,0.000,0.000,0.000,0.000,0.000,0.000,0.000,0.000,0.000,0.000,0.000,0.000,0.000,0.000,
2026/08/24,13:10:18,235.79,237.66,234.60,235.94,0.00,410.43,407.13,407.20,408.25,15.35,21.14,7.37,14.53,11.50,49.97,0.962,0.969,0.918,0.958,1.000,0.987,0.971,0.988,3.47,4.89,1.65,10.01,0.11,0.80,0.40,1.30,3.63,5.01,1.80,10.45,23803,20189,23600,67592,7522,6618,7564,21704,3417,4337,3915,11669,2235,2519,2148,6902,32797,28889,33773,95459,1.937,1.832,1.724,1.936,1.831,1.723,0.045,0.075,0.057,23.632,13.972,26.338,21.047,13.613,22.187,10.746,3.149,14.193,326.414,328.789,326.108,1.387,1.384,1.390,1.776,1.642,1.932,1.367,1.228,1.399,0.448,0.312,38.589,16.969,0.000,239.801,119.918,8.051,229.799,110.408,239.801,240.117,119.918,138.463,119.391,257.854,351.949,10.002,9.510,235.951,237.845,234.903,235.935,0.000,235.348,237.363,234.378,235.648,0.000,410.718,407.716,407.663,408.072,409.757,406.483,406.532,407.787,15.640,21.711,7.703,14.722,12.014,14.861,20.796,7.341,14.531,11.429,49.976,49.966,0.974,0.971,0.922,0.960,0.961,0.962,0.916,0.956,1.000,0.988,0.972,0.989,0.999,0.986,0.971,0.988,3.495,4.885,1.652,10.010,3.473,4.845,1.642,9.982,0.121,0.814,0.410,1.307,0.087,0.759,0.395,1.280,3.628,5.049,1.803,10.453,3.588,4.986,1.789,10.401,14.502,28.100,36.619,26.407,2.828,5.418,6.991,15.238,0.335,1.380,1.318,3.034,2.964,5.677,7.186,15.827,0.000,0.000,0.000,0.000,0.000,0.000,0.000,0.000,0.000,0.000,0.000,0.000,0.000,0.000,0.000,0.000,
